"project_id";"project_name";"app_id";"app_name";"first_seen_at";"last_seen_at";"last_seen_app_version";"last_seen_ip_country";"last_seen_platform";"last_seen_platform_version";"last_seen_sdk_version";"last_seen_locale";"price_experiment_id";"price_experiment_variant";"email";"phone_number";"media_source";"campaign";"ad_group";"ad";"keyword";"creative";"idfa";"idfv";"gps_ad_id";"custom_attributes";"has_made_sandbox_purchase";"latest_entitlement";"latest_entitlements";"latest_product";"is_rc_promo";"first_purchase_at";"trial_start_at";"trial_end_at";"most_recent_purchase_at";"most_recent_renewal_at";"latest_expiration_at";"subscription_opt_out_at";"trial_opt_out_at";"total_renewals";"total_spent";"latest_store";"latest_store_country";"latest_auto_renew_intent";"all_purchased_product_ids";"most_recent_billing_issues_at";"status";"has_made_a_non_subscription_purchase";"latest_offer";"latest_offer_type";"latest_purchased_offering";"latest_ownership_type";"app_user_id";"currency"
"e1533c84";"Pocket Pricer";"appc77c03e0ac";"Pocket Pricer (App Store) (App Store)";1775458825729;1778449994000;"1.5.3";"US";"iOS";"Version 26.4.2 (Build 23E261)";"5.55.1";"en-US,en;q=0.9";;;;;;;;;;;;;;;"f";;"Pocket Pricer Pro";"100";false;1775458874000;1775458874000;1775718074000;1778310074000;1778310074000;1780988474000;;;1;17.980000000000000;"app_store";"US";"t";"100";;"active";"f";;"no_offer";"default";"PURCHASED";"hw_264258ED-9261-4132-B3E1-BC454D63ADD3";"USD"
"e1533c84";"Pocket Pricer";"appc77c03e0ac";"Pocket Pricer (App Store) (App Store)";1773494271084;1779200415000;"1.5.3";"US";"iOS";"Version 18.7.2 (Build 22H124)";"5.55.1";"en-US,en;q=0.9";;;;;;;;;;;;;;;"f";;"Pocket Pricer Pro";"100";false;1773495233000;1773495233000;1773754433000;1779024833000;1779024833000;1781703233000;;;2;26.970000000000000;"app_store";"US";"t";"100";;"active";"f";;"no_offer";;"PURCHASED";"$RCAnonymousID:d049a76d4209471f831c4e127981fff8";"USD"
"e1533c84";"Pocket Pricer";"appc77c03e0ac";"Pocket Pricer (App Store) (App Store)";1774215881557;1778564651000;"1.5.3";"US";"iOS";"Version 26.4.2 (Build 23E261)";"5.55.1";"en-US,en;q=0.9";;;;;;;;;;;;;;;"f";;"Pocket Pricer Pro";"103";false;1775343621000;1775343621000;1775602821000;1775602821000;;1807138821000;;;0;59.990000000000002;"app_store";"US";"t";"103";;"active";"f";;"no_offer";"default";"PURCHASED";"hw_11E85759-2E6B-4FFC-904E-F43B82FE8B9D";"USD"
"e1533c84";"Pocket Pricer";"appc77c03e0ac";"Pocket Pricer (App Store) (App Store)";1777238185059;1779152249000;"1.5.3";"US";"iOS";"Version 26.3.1 (a) (Build 23D771330a)";"5.55.1";"en-US,en;q=0.9";;;;;;;;;;;;;;;"f";;"Pocket Pricer Pro";"100";false;1777238240000;1777238240000;1777497440000;1777497440000;;1780089440000;;;0;8.990000000000000;"app_store";"US";"t";"100";;"active";"f";;"no_offer";"default";"PURCHASED";"hw_0B233037-89DF-4265-8EB3-059A59C2A6BE";"USD"
"e1533c84";"Pocket Pricer";"appc77c03e0ac";"Pocket Pricer (App Store) (App Store)";1773197262761;1775918586000;"1.3.0";"US";"iOS";"Version 26.3.1 (a) (Build 23D771330a)";"5.55.1";"en-US,en;q=0.9";;;;;;;;;;;;;;;"f";;"Pocket Pricer Pro";"100";false;1773603301000;1773603301000;1773862501000;1779132901000;1779132901000;1781811301000;;;2;26.970000000000000;"app_store";"US";"t";"100";;"active";"f";;"no_offer";"default";"PURCHASED";"$RCAnonymousID:c09d968c8a6d4338b831c84030fc4a04";"USD"
"e1533c84";"Pocket Pricer";"appc77c03e0ac";"Pocket Pricer (App Store) (App Store)";1779039900929;1779039946000;"1.5.3";"US";"iOS";"Version 26.4.2 (Build 23E261)";"5.55.1";"en-US,en;q=0.9";;;;;;;;;;;;;;;"f";;"Pocket Pricer Pro";"100";false;1779039987000;1779039987000;1779299187000;1779299187000;;1781977587000;;;0;8.990000000000000;"app_store";"US";"t";"100";;"active";"f";;"no_offer";"default";"PURCHASED";"hw_62AA1A6A-1EA5-4158-8EA8-9A9C0435F70F";"USD"
"e1533c84";"Pocket Pricer";"appc77c03e0ac";"Pocket Pricer (App Store) (App Store)";1776627529757;1778774484000;"1.5.3";"US";"iOS";"Version 26.5 (Build 23F77)";"5.55.1";"en-US,en;q=0.9";;;;;;;;;;;;;;;"f";;"Pocket Pricer Pro";"101";false;1776637584000;1776637584000;1776896784000;1779315984000;1779315984000;1779920784000;;;4;14.950000000000000;"app_store";"US";"t";"101";;"active";"f";;"no_offer";"default";"PURCHASED";"hw_EBE4F5E9-9C5A-4CB1-9E1D-2461E43FADCA";"USD"
"e1533c84";"Pocket Pricer";"appc77c03e0ac";"Pocket Pricer (App Store) (App Store)";1774881489990;1779030778000;"1.5.3";"US";"iOS";"Version 18.7.8 (Build 22H352)";"5.55.1";"en-US,en;q=0.9";;;;;;;;;;;;;;;"f";;"Pocket Pricer Pro";"100";false;1775590595000;1775590595000;1775849795000;1778542585000;1778542585000;1781220985000;;;1;17.980000000000000;"app_store";"US";"t";"100";;"active";"f";;"no_offer";;"PURCHASED";"hw_D3D3E8A0-3AB9-48A8-8B1C-E7EED1DBED21";"USD"
"e1533c84";"Pocket Pricer";"appc77c03e0ac";"Pocket Pricer (App Store) (App Store)";1777748060056;1779139572000;"1.5.3";"US";"iOS";"Version 26.4.2 (Build 23E261)";"5.55.1";"en-US,en;q=0.9";;;;;;;;;;;;;;;"f";;"Pocket Pricer Pro";"100";false;1777748101000;1777748101000;1778007301000;1778007301000;;1780685701000;1778354379235;;0;8.990000000000000;"app_store";"US";"f";"100";;"cancelled";"f";;"no_offer";"default";"PURCHASED";"hw_B81D7799-6FEC-4ABE-BBDC-7B2277315E0F";"USD"
"e1533c84";"Pocket Pricer";"appc77c03e0ac";"Pocket Pricer (App Store) (App Store)";1777846962353;1777847123000;"1.4.0";"US";"iOS";"Version 26.3.1 (a) (Build 23D771330a)";"5.55.1";"en-US,en;q=0.9";;;;;;;;;;;;;;;"f";;"Pocket Pricer Pro";"100";false;1777847200000;1777847200000;1778106400000;1778106400000;;1780784800000;;;0;8.990000000000000;"app_store";"US";"t";"100";;"active";"f";;"no_offer";"default";"PURCHASED";"$RCAnonymousID:939226cb2b5e42c2b6bc180d0e2a3891";"USD"
"e1533c84";"Pocket Pricer";"appc77c03e0ac";"Pocket Pricer (App Store) (App Store)";1375340400000;1779407353000;"1.5.3";"US";"iOS";"Version 26.1 (Build 23B85)";"5.55.1";"en-US,en;q=0.9";;;;;;;;;;;;;;;"t";;"Pocket Pricer Pro";"100";false;1772749968000;;;1778016768000;1778016768000;1780695168000;;;2;26.970000000000000;"app_store";"US";"t";"100";;"active";"f";;"no_offer";"default";"PURCHASED";"hw_34757713-9542-43F2-98D1-B0D8E79D14D8";"USD"
"e1533c84";"Pocket Pricer";"appc77c03e0ac";"Pocket Pricer (App Store) (App Store)";1776206775308;1776206793000;"1.4.0";"US";"iOS";"Version 17.6.1 (Build 21G93)";"5.55.1";"en-US,en;q=0.9";;;;;;;;;;;;;;;"f";;"Pocket Pricer Pro";"100";false;1776207006000;1776207006000;1776466206000;1779058206000;1779058206000;1781736606000;;;1;17.980000000000000;"app_store";"US";"t";"100";;"active";"f";;"no_offer";;"PURCHASED";"$RCAnonymousID:e088f5547a4347d4a7cc43049b1b3bc3";"USD"
"e1533c84";"Pocket Pricer";"appc77c03e0ac";"Pocket Pricer (App Store) (App Store)";1779318900806;1779318911000;"1.5.3";"US";"iOS";"Version 26.4.2 (Build 23E261)";"5.55.1";"en-US,en;q=0.9";;;;;;;;;;;;;;;"f";;"Pocket Pricer Pro";"103";false;1779319009000;1779319009000;1779578209000;1779319009000;;1779578209000;;;0;0.000000000000000;"app_store";"US";"t";"103";;"free_trial";"f";"Free Trial (103)";"free_trial";"default";"PURCHASED";"hw_A6F09FB2-A15D-4A7B-AE73-1011A590BC4E";"USD"
"e1533c84";"Pocket Pricer";"appc77c03e0ac";"Pocket Pricer (App Store) (App Store)";1777506838995;1777506853000;"1.4.0";"US";"iOS";"Version 26.0 (Build 23A341)";"5.55.1";"en-US,en;q=0.9";;;;;;;;;;;;;;;"f";;"Pocket Pricer Pro";"100";false;1777506874000;1777506874000;1777766074000;1777766074000;;1780444474000;1778650285683;;0;8.990000000000000;"app_store";"US";"f";"100";;"cancelled";"f";;"no_offer";"default";"PURCHASED";"$RCAnonymousID:56e3056b617f4075b707585efdb076da";"USD"
"e1533c84";"Pocket Pricer";"appc77c03e0ac";"Pocket Pricer (App Store) (App Store)";1774993004064;1774993086000;"1.4.0";"US";"iOS";"Version 26.3 (Build 23D127)";"5.55.1";"en-US,en;q=0.9";;;;;;;;;;;;;;;"f";;"Pocket Pricer Pro";"103";false;1775003263000;1775003263000;1775262463000;1775262463000;;1806798463000;;;0;59.990000000000002;"app_store";"US";"t";"103";;"active";"f";;"no_offer";"default";"PURCHASED";"$RCAnonymousID:919edb6f6ac44b8cbb53788639985689";"USD"
"e1533c84";"Pocket Pricer";"appc77c03e0ac";"Pocket Pricer (App Store) (App Store)";1777240352585;1777745236000;"1.4.0";"US";"iOS";"Version 26.3.1 (Build 23D8133)";"5.55.1";"en-US,en;q=0.9";;;;;;;;;;;;;;;"f";;"Pocket Pricer Pro";"100";false;1777242981000;1777242981000;1777502181000;1777502181000;;1780094181000;1777727739913;;0;8.990000000000000;"app_store";"US";"f";"100";;"cancelled";"f";;"no_offer";"default";"PURCHASED";"$RCAnonymousID:d5da435284f84f5daaa115c5bb555c1e";"USD"
"e1533c84";"Pocket Pricer";"appc77c03e0ac";"Pocket Pricer (App Store) (App Store)";1775384607946;1779317056000;"1.5.3";"US";"iOS";"Version 26.4.2 (Build 23E261)";"5.55.1";"en-US,en;q=0.9";;;;;;;;;;;;;;;"f";;"Pocket Pricer Pro";"100";false;1775384703000;1775384703000;1775643903000;1778235903000;1778235903000;1780914303000;;;1;17.980000000000000;"app_store";"US";"t";"100";;"active";"f";;"no_offer";"default";"PURCHASED";"hw_58429ED8-72A7-4547-9CBE-20CEF0F623CF";"USD"
"e1533c84";"Pocket Pricer";"appc77c03e0ac";"Pocket Pricer (App Store) (App Store)";1776814449431;1777940840000;"1.4.0";"CA";"iOS";"Version 26.4.2 (Build 23E261)";"5.55.1";"en-CA,en-US;q=0.9,en;q=0.8";;;;;;;;;;;;;;;"f";;"Pocket Pricer Pro";"100";false;1776814513000;1776814513000;1777073713000;1777073713000;;1779665713000;;;0;8.752335902826442;"app_store";"CA";"t";"100";;"active";"f";;"no_offer";"default";"PURCHASED";"$RCAnonymousID:17bc6a9c5a834ad1b3054f878848c118";"USD"
"e1533c84";"Pocket Pricer";"appc77c03e0ac";"Pocket Pricer (App Store) (App Store)";1777119452164;1777119593000;"1.4.0";"US";"iOS";"Version 26.5 (Build 23F5059e)";"5.55.1";"en-US,en;q=0.9";;;;;;;;;;;;;;;"f";;"Pocket Pricer Pro";"100";false;1777119628000;1777119628000;1777378828000;1777378828000;;1779970828000;1777928076408;;0;8.990000000000000;"app_store";"US";"f";"100";;"cancelled";"f";;"no_offer";"default";"PURCHASED";"$RCAnonymousID:c95e5a9a0fa14fe0875d27c3029b55fc";"USD"
"e1533c84";"Pocket Pricer";"appc77c03e0ac";"Pocket Pricer (App Store) (App Store)";1777468115094;1777523980000;"1.4.0";"US";"iOS";"Version 26.3.1 (a) (Build 23D771330a)";"5.55.1";"en-US,en;q=0.9";;;;;;;;;;;;;;;"f";;"Pocket Pricer Pro";"100";false;1777524034000;1777524034000;1777783234000;1777783234000;;1780461634000;1778451271067;;0;8.990000000000000;"app_store";"US";"f";"100";;"cancelled";"f";;"no_offer";"default";"PURCHASED";"$RCAnonymousID:0562a62d31674655ae78d1d59256f9d9";"USD"
"e1533c84";"Pocket Pricer";"appc77c03e0ac";"Pocket Pricer (App Store) (App Store)";1777127963264;1778770216000;"1.5.3";"US";"iOS";"Version 26.4.2 (Build 23E261)";"5.55.1";"en-US,en;q=0.9";;;;;;;;;;;;;;;"f";;"Pocket Pricer Pro";"101";false;1778776959000;1778776959000;1779036159000;1779036159000;;1779640959000;1779252542501;;0;2.990000000000000;"app_store";"US";"f";"101";;"cancelled";"f";;"no_offer";;"PURCHASED";"hw_E786CEC5-632C-457C-9125-5F6971621F93";"USD"
"e1533c84";"Pocket Pricer";"appc77c03e0ac";"Pocket Pricer (App Store) (App Store)";1774525812516;1776421925000;"1.4.0";"US";"iOS";"Version 26.3.1 (Build 23D8133)";"5.55.1";"en-US,en;q=0.9";;;;;;;;;;;;;;;"f";;"Pocket Pricer Pro";"100";false;1776421982000;1776421982000;1776681182000;1779273182000;1779273182000;1781951582000;;;1;17.980000000000000;"app_store";"US";"t";"100";;"active";"f";;"no_offer";;"PURCHASED";"$RCAnonymousID:e8d8e6e7697d419aa5acef87ec29ed4e";"USD"
"e1533c84";"Pocket Pricer";"appc77c03e0ac";"Pocket Pricer (App Store) (App Store)";1778976644554;1778976652000;"1.5.3";"US";"iOS";"Version 26.3.1 (Build 23D8133)";"5.55.1";"en-US,en;q=0.9";;;;;;;;;;;;;;;"f";;"Pocket Pricer Pro";"100";false;1778976717000;1778976717000;1779235917000;1779235917000;;1781914317000;;;0;8.990000000000000;"app_store";"US";"t";"100";;"active";"f";;"no_offer";"default";"PURCHASED";"hw_F22C3D84-37F3-4AD5-BBE0-D10F9038A02D";"USD"
"e1533c84";"Pocket Pricer";"appc77c03e0ac";"Pocket Pricer (App Store) (App Store)";1777932486497;1777932495000;"1.4.0";"US";"iOS";"Version 26.3.1 (a) (Build 23D771330a)";"5.55.1";"en-US,en;q=0.9";;;;;;;;;;;;;;;"f";;"Pocket Pricer Pro";"100";false;1777932545000;1777932545000;1778191745000;1778191745000;;1780870145000;;;0;8.990000000000000;"app_store";"US";"t";"100";;"active";"f";;"no_offer";"default";"PURCHASED";"$RCAnonymousID:88376a9115564c4d8b4855381552e409";"USD"
"e1533c84";"Pocket Pricer";"appc77c03e0ac";"Pocket Pricer (App Store) (App Store)";1774039881063;1779047092000;"1.5.3";"US";"iOS";"Version 26.4.2 (Build 23E261)";"5.55.1";"en-US,en;q=0.9";;;;;;;;;;;;;;;"f";;"Pocket Pricer Pro";"100";false;1774039944000;1774039944000;1774299144000;1776977544000;1776977544000;1779569544000;;;1;17.980000000000000;"app_store";"US";"t";"100";;"active";"f";;"no_offer";"default";"PURCHASED";"hw_6A9D5450-AE02-4757-87C6-4629A18FE028";"USD"
"e1533c84";"Pocket Pricer";"appc77c03e0ac";"Pocket Pricer (App Store) (App Store)";1776898455966;1779237905000;"1.5.3";"US";"iOS";"Version 26.3 (Build 23D127)";"5.55.1";"en-US,en;q=0.9";;;;;;;;;;;;;;;"f";;"Pocket Pricer Pro";"100";false;1777242343000;1777242343000;1777501543000;1777501543000;;1780093543000;1778010036437;;0;8.990000000000000;"app_store";"US";"f";"100";;"cancelled";"f";;"no_offer";"default";"PURCHASED";"hw_228FE2CA-3339-49CA-8429-4CA9266BD49E";"USD"
"e1533c84";"Pocket Pricer";"appc77c03e0ac";"Pocket Pricer (App Store) (App Store)";1776889644610;1779148252000;"1.5.3";"US";"iOS";"Version 26.4.2 (Build 23E261)";"5.55.1";"en-US,en;q=0.9";;;;;;;;;;;;;;;"f";;"Pocket Pricer Pro";"100";false;1777594435000;1777594435000;1777853635000;1777853635000;;1780532035000;1778610186165;;0;8.990000000000000;"app_store";"US";"f";"100";;"cancelled";"f";;"no_offer";"default";"PURCHASED";"hw_B52888F5-D24C-4DEC-ABC6-894F979815CA";"USD"
"e1533c84";"Pocket Pricer";"appc77c03e0ac";"Pocket Pricer (App Store) (App Store)";1778807486411;1779302589000;"1.5.3";"US";"iOS";"Version 26.4.2 (Build 23E261)";"5.55.1";"en-US,en;q=0.9";;;;;;;;;;;;;;;"f";;"Pocket Pricer Pro";"100";false;1778807556000;1778807556000;1779066756000;1779066756000;;1781745156000;;;0;8.990000000000000;"app_store";"US";"t";"100";;"active";"f";;"no_offer";"default";"PURCHASED";"hw_9F07E7AA-3A4D-4EF3-89E4-7B4344EA1195";"USD"
"e1533c84";"Pocket Pricer";"appc77c03e0ac";"Pocket Pricer (App Store) (App Store)";1776622158428;1778889139000;"1.5.3";"US";"iOS";"Version 26.3 (Build 23D127)";"5.55.1";"en-US,en;q=0.9";;;;;;;;;;;;;;;"f";;"Pocket Pricer Pro";"100";false;1776630182000;1776630182000;1776889382000;1776889382000;;1779481382000;;;0;8.990000000000000;"app_store";"US";"t";"100";;"active";"f";;"no_offer";"default";"PURCHASED";"hw_6792D363-F944-41F7-A158-64FDC5028ACD";"USD"
"e1533c84";"Pocket Pricer";"appc77c03e0ac";"Pocket Pricer (App Store) (App Store)";1777045737489;1779389289000;"1.5.3";"US";"iOS";"Version 26.4.2 (Build 23E261)";"5.55.1";"en-US,en;q=0.9";;;;;;;;;;;;;;;"f";;"Pocket Pricer Pro";"101";false;1777045803000;1777045803000;1777305003000;1779304487000;1779304487000;1779909287000;;;1;5.980000000000000;"app_store";"US";"t";"101";;"active";"f";;"no_offer";"default";"PURCHASED";"hw_F239758F-7ED0-49A0-BE3C-5F8AD9F9822E";"USD"
"e1533c84";"Pocket Pricer";"appc77c03e0ac";"Pocket Pricer (App Store) (App Store)";1777913076627;1779371315000;"1.5.3";"US";"iOS";"Version 26.5 (Build 23F77)";"5.55.1";"en-US,en;q=0.9";;;;;;;;;;;;;;;"f";;"Pocket Pricer Pro";"103";false;1778264077000;1778264077000;1778523277000;1778523277000;;1810059277000;;;0;59.990000000000002;"app_store";"US";"t";"100,103";;"active";"f";;"no_offer";"default";"PURCHASED";"hw_1AD80B43-0B13-4ED4-AE60-3733579F09BF";"USD"
"e1533c84";"Pocket Pricer";"appc77c03e0ac";"Pocket Pricer (App Store) (App Store)";1773950455506;1779137948000;"1.5.3";"US";"iOS";"Version 26.3.1 (Build 23D8133)";"5.55.1";"en-US,en;q=0.9";;;;;;;;;;;;;;;"f";;"Pocket Pricer Pro";"100";false;1773967777000;1773967777000;1774226977000;1776905377000;1776905377000;1779497377000;;;1;17.980000000000000;"app_store";"US";"t";"100";;"active";"f";;"no_offer";"default";"PURCHASED";"hw_5AA2C196-AEC6-42CC-8C95-6A3AEF794D96";"USD"
"e1533c84";"Pocket Pricer";"appc77c03e0ac";"Pocket Pricer (App Store) (App Store)";1771838329572;1778893911000;"1.5.3";"US";"iOS";"Version 26.4.2 (Build 23E261)";"5.55.1";"en-US,en;q=0.9";;;;;;;;;;;;;;;"f";;"Pocket Pricer Pro";"100";false;1771996042000;;;1777090042000;1777090042000;1779682042000;;;2;26.970000000000000;"app_store";"US";"t";"100";;"active";"f";;"no_offer";"default";"PURCHASED";"hw_3B68291E-5FF3-41EB-A7C2-B100E4348F32";"USD"
"e1533c84";"Pocket Pricer";"appc77c03e0ac";"Pocket Pricer (App Store) (App Store)";1778260717451;1778694905000;"1.5.3";"US";"iOS";"Version 26.4.2 (Build 23E261)";"5.55.1";"en-US,en;q=0.9";;;;;;;;;;;;;;;"f";;"Pocket Pricer Pro";"100";false;1778346114000;1778346114000;1778605314000;1778694919000;;1781373319000;1778802068458;;0;8.990000000000000;"app_store";"US";"f";"100";;"cancelled";"f";;"no_offer";"default";"PURCHASED";"hw_CBD882C2-71CF-4FB1-8E91-29F6E17537E0";"USD"
"e1533c84";"Pocket Pricer";"appc77c03e0ac";"Pocket Pricer (App Store) (App Store)";1777036301966;1779403003000;"1.5.3";"US";"iOS";"Version 26.4.2 (Build 23E261)";"5.55.1";"en-US,en;q=0.9";;;;;;;;;;;;;;;"f";;"Pocket Pricer Pro";"100";false;1778173227000;1778173227000;1778432427000;1778432427000;;1781110827000;;;0;8.990000000000000;"app_store";"US";"t";"100";;"active";"f";;"no_offer";"default";"PURCHASED";"hw_BCA9FEAE-8075-48CE-AF8D-B9743B2EA16A";"USD"
"e1533c84";"Pocket Pricer";"appc77c03e0ac";"Pocket Pricer (App Store) (App Store)";1777303641922;1778938043000;"1.5.3";"US";"iOS";"Version 26.3.1 (Build 23D8133)";"5.55.1";"en-US,en;q=0.9";;;;;;;;;;;;;;;"f";;"Pocket Pricer Pro";"100";false;1778938856000;1778938856000;1779198056000;1779198056000;;1781876456000;1779315126635;;0;8.990000000000000;"app_store";"US";"f";"100";;"cancelled";"f";;"no_offer";"default";"PURCHASED";"hw_D145523B-3012-42ED-B5BA-32D25FEEFD57";"USD"
"e1533c84";"Pocket Pricer";"appc77c03e0ac";"Pocket Pricer (App Store) (App Store)";1775247644260;1775247654000;"1.4.0";"US";"iOS";"Version 26.3.1 (a) (Build 23D771330a)";"5.55.1";"en-US,en;q=0.9";;;;;;;;;;;;;;;"f";;"Pocket Pricer Pro";"100";false;1775247688000;1775247688000;1775506888000;1778098888000;1778098888000;1780777288000;;;1;17.980000000000000;"app_store";"US";"t";"100";;"active";"f";;"no_offer";"default";"PURCHASED";"$RCAnonymousID:a67449e0f39d4d749c2e5104fe75eb2d";"USD"
"e1533c84";"Pocket Pricer";"appc77c03e0ac";"Pocket Pricer (App Store) (App Store)";1776936599745;1779223875000;"1.4.0";"US";"iOS";"Version 26.2 (Build 23C52)";"5.55.1";"en-US,en;q=0.9";;;;;;;;;;;;;;;"f";;"Pocket Pricer Pro";"100";false;1776936665000;1776936665000;1777195865000;1778860745000;;1781539145000;;;0;8.990000000000000;"app_store";"US";"t";"100";;"active";"f";;"no_offer";"default";"PURCHASED";"$RCAnonymousID:2215eda6dba041b3a5637816d4b1d321";"USD"
"e1533c84";"Pocket Pricer";"appc77c03e0ac";"Pocket Pricer (App Store) (App Store)";1774848450960;1775800920000;"1.4.0";"US";"iOS";"Version 18.6.2 (Build 22G100)";"5.55.1";"en-US,en;q=0.9";;;;;;;;;;;;;;;"f";;"Pocket Pricer Pro";"100";false;1774848506000;1774848506000;1775107706000;1778037070000;;1780715470000;;;0;8.990000000000000;"app_store";"US";"t";"100";;"active";"f";;"no_offer";"default";"PURCHASED";"$RCAnonymousID:cf799ad5d2674999a370ea0271715e04";"USD"
"e1533c84";"Pocket Pricer";"appc77c03e0ac";"Pocket Pricer (App Store) (App Store)";1775106302337;1778865595000;"1.5.3";"US";"iOS";"Version 26.4.2 (Build 23E261)";"5.55.1";"en-US,en;q=0.9";;;;;;;;;;;;;;;"f";;"Pocket Pricer Pro";"103";false;1776532615000;1776532615000;1776791815000;1776791815000;;1808327815000;1777588975545;;0;59.990000000000002;"app_store";"US";"f";"103";;"cancelled";"f";;"no_offer";"default";"PURCHASED";"hw_8F88A954-23C3-4E51-A4D2-7DC5023C3E26";"USD"
"e1533c84";"Pocket Pricer";"appc77c03e0ac";"Pocket Pricer (App Store) (App Store)";1776652838581;1776652844000;"1.4.0";"US";"iOS";"Version 26.3.1 (a) (Build 23D771330a)";"5.55.1";"en-US,en;q=0.9";;;;;;;;;;;;;;;"f";;"Pocket Pricer Pro";"100";false;1776652888000;1776652888000;1776912088000;1776912088000;;1779504088000;1778226458162;;0;8.990000000000000;"app_store";"US";"f";"100";;"cancelled";"f";;"no_offer";"default";"PURCHASED";"$RCAnonymousID:fec1fa634ecb4d5782191b5a0a4cd649";"USD"
"e1533c84";"Pocket Pricer";"appc77c03e0ac";"Pocket Pricer (App Store) (App Store)";1777210715748;1779218373000;"1.5.3";"US";"iOS";"Version 26.4.2 (Build 23E261)";"5.55.1";"en-US,en;q=0.9";;;;;;;;;;;;;;;"f";;"Pocket Pricer Pro";"100";false;1779281253000;1779281253000;1779540453000;1779281253000;;1779540453000;;;0;0.000000000000000;"app_store";"US";"t";"100";;"free_trial";"f";"Free Trial (100)";"free_trial";"default";"PURCHASED";"hw_A49A3BA6-BBF9-4126-9A61-29D8296831F6";"USD"
"e1533c84";"Pocket Pricer";"appc77c03e0ac";"Pocket Pricer (App Store) (App Store)";1776677661284;1779166809000;"1.5.3";"US";"iOS";"Version 26.4.2 (Build 23E261)";"5.55.1";"en-US,en;q=0.9";;;;;;;;;;;;;;;"f";;"Pocket Pricer Pro";"100";false;1776682496000;1776682496000;1776941696000;1776941696000;;1779533696000;;;0;8.990000000000000;"app_store";"US";"t";"100";;"active";"f";;"no_offer";"default";"PURCHASED";"hw_7211E2E2-E652-4220-9DCE-88B5FCC0F2CC";"USD"
"e1533c84";"Pocket Pricer";"appc77c03e0ac";"Pocket Pricer (App Store) (App Store)";1773977972008;1779315330000;"1.5.3";"US";"iOS";"Version 18.7.8 (Build 22H352)";"5.55.1";"en-US,en;q=0.9";;;;;;;;;;;;;;;"f";;"Pocket Pricer Pro";"100";false;1775102633000;1775102633000;1775361833000;1777953833000;1777953833000;1780632233000;;;1;17.980000000000000;"app_store";"US";"t";"100";;"active";"f";;"no_offer";;"PURCHASED";"hw_53C354CD-F438-4231-A9EC-DF92585C462C";"USD"
"e1533c84";"Pocket Pricer";"appc77c03e0ac";"Pocket Pricer (App Store) (App Store)";1776346896610;1776623317000;"1.4.0";"US";"iOS";"Version 26.3.1 (Build 23D8133)";"5.55.1";"en-US,en;q=0.9";;;;;;;;;;;;;;;"f";;"Pocket Pricer Pro";"100";false;1776346957000;1776346957000;1776606157000;1779198157000;1779198157000;1781876557000;;;1;17.980000000000000;"app_store";"US";"t";"100";;"active";"f";;"no_offer";"default";"PURCHASED";"$RCAnonymousID:7ee84ea445fe415fb59c12ac952f679c";"USD"
"e1533c84";"Pocket Pricer";"appc77c03e0ac";"Pocket Pricer (App Store) (App Store)";1777585012561;1777585638000;"1.4.0";"US";"iOS";"Version 26.1 (Build 23B85)";"5.55.1";"en-US,en;q=0.9";;;;;;;;;;;;;;;"f";;"Pocket Pricer Pro";"100";false;1777585668000;1777585668000;1777844868000;1777844868000;;1780523268000;;;0;8.990000000000000;"app_store";"US";"t";"100";;"active";"f";;"no_offer";"default";"PURCHASED";"$RCAnonymousID:c90363e2c3b84a5aa45ed2735560e4af";"USD"
"e1533c84";"Pocket Pricer";"appc77c03e0ac";"Pocket Pricer (App Store) (App Store)";1779018143271;1779410556000;"1.5.3";"US";"iOS";"Version 26.4.2 (Build 23E261)";"5.55.1";"en-US,en;q=0.9";;;;;;;;;;;;;;;"f";;"Pocket Pricer Pro";"101";false;1779018186000;1779018186000;1779277386000;1779277386000;;1779882186000;;;0;2.990000000000000;"app_store";"US";"t";"101";;"active";"f";;"no_offer";"default";"PURCHASED";"hw_A8C1BAEB-161D-4CA1-9C75-97CF53B5CEBC";"USD"
"e1533c84";"Pocket Pricer";"appc77c03e0ac";"Pocket Pricer (App Store) (App Store)";1774584296297;1779038868000;"1.5.3";"US";"iOS";"Version 26.4.2 (Build 23E261)";"5.55.1";"en-US,en;q=0.9";;;;;;;;;;;;;;;"f";;"Pocket Pricer Pro";"100";false;1774667854000;1774667854000;1774927054000;1777605454000;1777605454000;1780197454000;;;1;17.980000000000000;"app_store";"US";"t";"100";;"active";"f";;"no_offer";"default";"PURCHASED";"hw_29ABDF3E-AAE1-437A-B31D-E3D7981A3D94";"USD"
"e1533c84";"Pocket Pricer";"appc77c03e0ac";"Pocket Pricer (App Store) (App Store)";1774224637533;1779201408000;"1.5.3";"US";"iOS";"Version 26.4.2 (Build 23E261)";"5.55.1";"en-US,en;q=0.9";;;;;;;;;;;;;;;"f";;"Pocket Pricer Pro";"100";false;1775418372000;1775418372000;1775677572000;1778269572000;1778269572000;1780947972000;;;1;17.980000000000000;"app_store";"US";"t";"100";;"active";"f";;"no_offer";"default";"PURCHASED";"hw_0C7699C0-B436-4F78-80E8-F4A88E06544F";"USD"
"e1533c84";"Pocket Pricer";"appc77c03e0ac";"Pocket Pricer (App Store) (App Store)";1778693140661;1779238147000;"1.5.3";"US";"iOS";"Version 26.4.2 (Build 23E261)";"5.55.1";"en-US,en;q=0.9";;;;;;;;;;;;;;;"f";;"Pocket Pricer Pro";"100";false;1778693194000;1778693194000;1778952394000;1778952394000;;1781630794000;1779312332940;;0;8.990000000000000;"app_store";"US";"f";"100";;"cancelled";"f";;"no_offer";"default";"PURCHASED";"hw_C4AD55F2-997B-43D3-9700-EA37477E916C";"USD"
"e1533c84";"Pocket Pricer";"appc77c03e0ac";"Pocket Pricer (App Store) (App Store)";1773966211918;1776619642000;"1.3.2";"CA";"iOS";"Version 26.3.1 (a) (Build 23D771330a)";"5.55.1";"en-CA,en-US;q=0.9,en;q=0.8";;;;;;;;;;;;;;;"f";;"Pocket Pricer Pro";"101";false;1776646245000;1776646245000;1776905445000;1779324645000;1779324645000;1779929445000;;;4;14.576234934812387;"app_store";"CA";"t";"101";;"active";"f";;"no_offer";;"PURCHASED";"$RCAnonymousID:e0ef334facf343d69cbc9ac2e2b14dbf";"USD"
"e1533c84";"Pocket Pricer";"appc77c03e0ac";"Pocket Pricer (App Store) (App Store)";1777139947281;1779244444000;"1.4.0";"US";"iOS";"Version 26.2.1 (Build 23C71)";"5.55.1";"en-US,en;q=0.9";;;;;;;;;;;;;;;"f";;"Pocket Pricer Pro";"100";false;1777140057000;1777140057000;1777399257000;1777399257000;;1779991257000;;;0;8.990000000000000;"app_store";"US";"t";"100";;"active";"f";;"no_offer";"default";"PURCHASED";"$RCAnonymousID:8cc2650517214d178bc026cbf91ab57d";"USD"
"e1533c84";"Pocket Pricer";"appc77c03e0ac";"Pocket Pricer (App Store) (App Store)";1776879490448;1778255154000;"1.4.0";"US";"iOS";"Version 26.4.2 (Build 23E261)";"5.55.1";"en-US,en;q=0.9";;;;;;;;;;;;;;;"f";;"Pocket Pricer Pro";"100";false;1776879547000;1776879547000;1777138747000;1777138747000;;1779730747000;;;0;8.990000000000000;"app_store";"US";"t";"100";;"active";"f";;"no_offer";"default";"PURCHASED";"$RCAnonymousID:b1474328e91241bdb570bde80450fa70";"USD"
"e1533c84";"Pocket Pricer";"appc77c03e0ac";"Pocket Pricer (App Store) (App Store)";1776852063847;1776977770000;"1.4.0";"US";"iOS";"Version 26.3.1 (Build 23D8133)";"5.55.1";"en-US,en;q=0.9";;;;;;;;;;;;;;;"f";;"Pocket Pricer Pro";"100";false;1776852106000;1776852106000;1777111306000;1777111306000;;1779703306000;;;0;8.990000000000000;"app_store";"US";"t";"100";;"active";"f";;"no_offer";"default";"PURCHASED";"$RCAnonymousID:83e796fa1e8f4276a012836151c52ac6";"USD"
"e1533c84";"Pocket Pricer";"appc77c03e0ac";"Pocket Pricer (App Store) (App Store)";1776377959795;1777839873000;"1.4.0";"US";"iOS";"Version 18.4.1 (Build 22E252)";"5.55.1";"en-US,en;q=0.9";;;;;;;;;;;;;;;"f";;"Pocket Pricer Pro";"100";false;1776378091000;1776378091000;1776637291000;1779229291000;1779229291000;1781907691000;;;1;17.980000000000000;"app_store";"US";"t";"100";;"active";"f";;"no_offer";;"PURCHASED";"$RCAnonymousID:1d2d79a1432c4c4293fd28f5c465cc0f";"USD"
"e1533c84";"Pocket Pricer";"appc77c03e0ac";"Pocket Pricer (App Store) (App Store)";1778213059566;1779228192000;"1.5.3";"US";"iOS";"Version 26.4.2 (Build 23E261)";"5.55.1";"en-US,en;q=0.9";;;;;;;;;;;;;;;"f";;"Pocket Pricer Pro";"103";false;1778460197000;1778460197000;1778719397000;1778719397000;;1810255397000;;;0;59.990000000000002;"app_store";"US";"t";"103";;"active";"f";;"no_offer";"default";"PURCHASED";"hw_A14A9450-F633-4F89-8A12-97B94013FFD7";"USD"
"e1533c84";"Pocket Pricer";"appc77c03e0ac";"Pocket Pricer (App Store) (App Store)";1773890349911;1777870780000;"1.4.0";"US";"iOS";"Version 26.4.2 (Build 23E261)";"5.55.1";"en-US,en;q=0.9";;;;;;;;;;;;;;;"f";;"Pocket Pricer Pro";"100";false;1774246331000;1774246331000;1774505531000;1777346592000;1777346592000;1779938592000;;;1;17.980000000000000;"app_store";"US";"t";"100";;"active";"f";;"no_offer";"default";"PURCHASED";"$RCAnonymousID:80ee96c211fa4859a6ce25ddcc1ea1a3";"USD"
"e1533c84";"Pocket Pricer";"appc77c03e0ac";"Pocket Pricer (App Store) (App Store)";1777039146723;1777935693000;"1.4.0";"US";"iOS";"Version 16.7.15 (Build 20H380)";"5.55.1";"en-US,en;q=0.9";;;;;;;;;;;;;;;"f";;"Pocket Pricer Pro";"100";false;1777040617000;1777040617000;1777299817000;1777299817000;;1779891817000;1777935694284;;0;8.990000000000000;"app_store";"US";"f";"100";;"cancelled";"f";;"no_offer";"default";"PURCHASED";"$RCAnonymousID:5335619f8ca54ceaab44701f680ad159";"USD"
"e1533c84";"Pocket Pricer";"appc77c03e0ac";"Pocket Pricer (App Store) (App Store)";1776961902047;1778640871000;"1.5.3";"US";"iOS";"Version 26.5 (Build 23F77)";"5.55.1";"en-US,en;q=0.9";;;;;;;;;;;;;;;"f";;"Pocket Pricer Pro";"100";false;1776961971000;1776961971000;1777221171000;1777221171000;;1779813171000;;;0;8.990000000000000;"app_store";"US";"t";"100";;"active";"f";;"no_offer";"default";"PURCHASED";"hw_AD887EF2-056F-4059-A5EB-80B966547182";"USD"
"e1533c84";"Pocket Pricer";"appc77c03e0ac";"Pocket Pricer (App Store) (App Store)";1777498734467;1779391816000;"1.5.3";"US";"iOS";"Version 26.5 (Build 23F77)";"5.55.1";"en-US,en;q=0.9";;;;;;;;;;;;;;;"f";;"Pocket Pricer Pro";"100";false;1777572157000;1777572157000;1777831357000;1777831357000;;1780509757000;;;0;8.990000000000000;"app_store";"US";"t";"100";;"active";"f";;"no_offer";"default";"PURCHASED";"hw_361EA1E7-2DC6-4C48-951F-AFA174BB28EC";"USD"
"e1533c84";"Pocket Pricer";"appc77c03e0ac";"Pocket Pricer (App Store) (App Store)";1771839412301;1779229000000;"1.5.3";"US";"iOS";"Version 26.4.2 (Build 23E261)";"5.55.1";"en-US,en;q=0.9";;;;;;;;;;;;;;;"f";;"Pocket Pricer Pro";"100";false;1771987737000;;;1777081737000;1777081737000;1779673737000;;;2;26.970000000000000;"app_store";"US";"t";"100";;"active";"f";;"no_offer";"default";"PURCHASED";"hw_D636A02C-7D32-4C65-A6BC-FB6B2BFDD7E0";"USD"
"e1533c84";"Pocket Pricer";"appc77c03e0ac";"Pocket Pricer (App Store) (App Store)";1778999961068;1779285412000;"1.5.3";"US";"iOS";"Version 26.4.2 (Build 23E261)";"5.55.1";"en-US,en;q=0.9";;;;;;;;;;;;;;;"f";;"Pocket Pricer Pro";"100";false;1779285464000;1779285464000;1779544664000;1779285464000;;1779544664000;1779327143104;1779327143104;0;0.000000000000000;"app_store";"US";"f";"100";;"cancelled_trial";"f";"Free Trial (100)";"free_trial";"default";"PURCHASED";"hw_ACC7A22C-87CE-44ED-84EC-A16FC6455C2A";"USD"
"e1533c84";"Pocket Pricer";"appc77c03e0ac";"Pocket Pricer (App Store) (App Store)";1775206797497;1777752286000;"1.4.0";"US";"iOS";"Version 26.2.1 (Build 23C71)";"5.55.1";"en-US,en;q=0.9";;;;;;;;;;;;;;;"f";;"Pocket Pricer Pro";"100";false;1777752338000;1777752338000;1778011538000;1778011538000;;1780689938000;;;0;8.990000000000000;"app_store";"US";"t";"100";;"active";"f";;"no_offer";"default";"PURCHASED";"$RCAnonymousID:d53c17d191b841d2a0388b13c0372025";"USD"
"e1533c84";"Pocket Pricer";"appc77c03e0ac";"Pocket Pricer (App Store) (App Store)";1773408548261;1778120783000;"1.4.0";"US";"iOS";"Version 26.3.1 (a) (Build 23D771330a)";"5.55.1";"en-US,en;q=0.9";;;;;;;;;;;;;;;"f";;"Pocket Pricer Pro";"101";false;1773432079000;1773432079000;1773691279000;1779330435000;1779330435000;1779935235000;;;3;17.960000000000000;"app_store";"US";"t";"101,100";;"active";"f";;"no_offer";"default";"PURCHASED";"$RCAnonymousID:0eb8c85073ff4328b5497c1d96cdf7fb";"USD"
"e1533c84";"Pocket Pricer";"appc77c03e0ac";"Pocket Pricer (App Store) (App Store)";1775800739912;1776890994000;"1.4.0";"US";"iOS";"Version 26.2 (Build 23C55)";"5.55.1";"en-US,en;q=0.9";;;;;;;;;;;;;;;"f";;"Pocket Pricer Pro";"100";false;1775966430000;1775966430000;1776225630000;1778817630000;1778817630000;1781496030000;;;1;17.980000000000000;"app_store";"US";"t";"100";;"active";"f";;"no_offer";"default";"PURCHASED";"$RCAnonymousID:5c65041902924a7f9ecf6261988d01a8";"USD"
"e1533c84";"Pocket Pricer";"appc77c03e0ac";"Pocket Pricer (App Store) (App Store)";1776268313360;1776532145000;"1.4.0";"US";"iOS";"Version 26.3.1 (Build 23D8133)";"5.55.1";"en-US,en;q=0.9";;;;;;;;;;;;;;;"f";;"Pocket Pricer Pro";"100";false;1776268357000;1776268357000;1776527557000;1777684597000;;1780362997000;;;0;8.990000000000000;"app_store";"US";"t";"100";;"active";"f";;"no_offer";"default";"PURCHASED";"$RCAnonymousID:333b989b3eea46b6a5e0c73073bc2343";"USD"
"e1533c84";"Pocket Pricer";"appc77c03e0ac";"Pocket Pricer (App Store) (App Store)";1776118595185;1777206633000;"1.4.0";"US";"iOS";"Version 17.4.1 (Build 21E236)";"5.55.1";"en-US,en;q=0.9";;;;;;;;;;;;;;;"f";;"Pocket Pricer Pro";"100";false;1776118699000;1776118699000;1776377899000;1778969899000;1778969899000;1781648299000;;;1;17.980000000000000;"app_store";"US";"t";"100";;"active";"f";;"no_offer";"default";"PURCHASED";"$RCAnonymousID:87023e848b304783abb9af6661641f78";"USD"
"e1533c84";"Pocket Pricer";"appc77c03e0ac";"Pocket Pricer (App Store) (App Store)";1774896723102;1775079411000;"1.4.0";"US";"iOS";"Version 26.3.1 (Build 23D8133)";"5.55.1";"en-US,en;q=0.9";;;;;;;;;;;;;;;"f";;"Pocket Pricer Pro";"100";false;1774901510000;1774901510000;1775160710000;1777752710000;1777752710000;1780431110000;1778520982079;;1;17.980000000000000;"app_store";"US";"f";"100";;"cancelled";"f";;"no_offer";"default";"PURCHASED";"$RCAnonymousID:60d036ada0fc4361994a7db353e757a4";"USD"
"e1533c84";"Pocket Pricer";"appc77c03e0ac";"Pocket Pricer (App Store) (App Store)";1773657274043;1779384368000;"1.5.3";"US";"iOS";"Version 26.5 (Build 23F77)";"5.55.1";"en-US,en;q=0.9";;;;;;;;;;;;;;;"f";;"Pocket Pricer Pro";"103";false;1776460460000;1776460460000;1776719660000;1776719660000;;1808255660000;;;0;59.990000000000002;"app_store";"US";"t";"103";;"active";"f";;"no_offer";"default";"PURCHASED";"hw_72F95845-7B79-4F1E-998E-68CF52CA452A";"USD"
"e1533c84";"Pocket Pricer";"appc77c03e0ac";"Pocket Pricer (App Store) (App Store)";1775942597130;1779062831000;"1.5.3";"US";"iOS";"Version 26.4.2 (Build 23E261)";"5.55.1";"en-US,en;q=0.9";;;;;;;;;;;;;;;"f";;"Pocket Pricer Pro";"100";false;1775943160000;1775943160000;1776202360000;1778794360000;1778794360000;1781472760000;;;1;17.980000000000000;"app_store";"US";"t";"100";;"active";"f";;"no_offer";"default";"PURCHASED";"hw_1E318446-EEEB-4F1A-86E4-321AFC404FAF";"USD"
"e1533c84";"Pocket Pricer";"appc77c03e0ac";"Pocket Pricer (App Store) (App Store)";1774033089375;1779294666000;"1.3.2";"US";"iOS";"Version 26.4.2 (Build 23E261)";"5.55.1";"en-US,en;q=0.9";;;;;;;;;;;;;;;"f";;"Pocket Pricer Pro";"100";false;1774033320000;1774033320000;1774292520000;1777189865000;1777189865000;1779781865000;;;1;17.980000000000000;"app_store";"US";"t";"100";;"active";"f";;"no_offer";"default";"PURCHASED";"$RCAnonymousID:4e33257db72245b68b0dcb0595aff612";"USD"
"e1533c84";"Pocket Pricer";"appc77c03e0ac";"Pocket Pricer (App Store) (App Store)";1776308207408;1779396732000;"1.5.3";"CA";"iOS";"Version 18.4.1 (Build 22E252)";"5.55.1";"en-CA,en-US;q=0.9,en;q=0.8";;;;;;;;;;;;;;;"f";;"Pocket Pricer Pro";"103";false;1776364363000;1776364363000;1776623563000;1776623563000;;1808159563000;;;0;58.054214900025400;"app_store";"CA";"t";"103,100";;"active";"f";;"no_offer";"default";"PURCHASED";"hw_C230C4AC-B8F9-40DD-AD50-A63695FFEFBD";"USD"
"e1533c84";"Pocket Pricer";"appc77c03e0ac";"Pocket Pricer (App Store) (App Store)";1777300737620;1779152680000;"1.5.3";"US";"iOS";"Version 26.4.2 (Build 23E261)";"5.55.1";"en-US,en;q=0.9";;;;;;;;;;;;;;;"f";;"Pocket Pricer Pro";"100";false;1777324127000;1777324127000;1777583327000;1777583327000;;1780175327000;;;0;8.990000000000000;"app_store";"US";"t";"100";;"active";"f";;"no_offer";;"PURCHASED";"hw_8A6EE0C0-D95D-4A6D-ACF5-6709445AB87F";"USD"
"e1533c84";"Pocket Pricer";"appc77c03e0ac";"Pocket Pricer (App Store) (App Store)";1776456484737;1779384671000;"1.5.3";"US";"iOS";"Version 26.4.2 (Build 23E261)";"5.55.1";"en-US,en;q=0.9";;;;;;;;;;;;;;;"f";;"Pocket Pricer Pro";"100";false;1778173297000;1778173297000;1778432497000;1778432497000;;1781110897000;;;0;8.990000000000000;"app_store";"US";"t";"100";;"active";"f";;"no_offer";"default";"PURCHASED";"hw_2FAF42DD-40B3-4302-986C-7296B908B96F";"USD"
"e1533c84";"Pocket Pricer";"appc77c03e0ac";"Pocket Pricer (App Store) (App Store)";1777572481994;1779408035000;"1.5.3";"US";"iOS";"Version 26.4.2 (Build 23E261)";"5.55.1";"en-US,en;q=0.9";;;;;;;;;;;;;;;"f";;"Pocket Pricer Pro";"100";false;1777572540000;1777572540000;1777831740000;1777831740000;;1780510140000;1778159853606;;0;8.990000000000000;"app_store";"US";"f";"100";;"cancelled";"f";;"no_offer";"default";"PURCHASED";"hw_6308A224-4077-4B6E-A1B7-AAE80C65E8F2";"USD"
"e1533c84";"Pocket Pricer";"appc77c03e0ac";"Pocket Pricer (App Store) (App Store)";1776278882938;1779329542000;"1.5.3";"US";"iOS";"Version 26.5 (Build 23F77)";"5.55.1";"en-US,en;q=0.9";;;;;;;;;;;;;;;"f";;"Pocket Pricer Pro";"101";false;1778624088000;1778624088000;1778883288000;1778883288000;;1779488088000;;;0;2.990000000000000;"app_store";"US";"t";"101";;"active";"f";;"no_offer";"default";"PURCHASED";"hw_D26A9841-F5D3-44A5-9DE9-5266103EFE68";"USD"
"e1533c84";"Pocket Pricer";"appc77c03e0ac";"Pocket Pricer (App Store) (App Store)";1779187587497;1779187596000;"1.5.3";"US";"iOS";"Version 26.4.2 (Build 23E261)";"5.55.1";"en-US,en;q=0.9";;;;;;;;;;;;;;;"f";;"Pocket Pricer Pro";"100";false;1779187773000;1779187773000;1779446973000;1779187773000;;1779446973000;1779299924256;1779299924256;0;0.000000000000000;"app_store";"US";"f";"100";;"cancelled_trial";"f";"Free Trial (100)";"free_trial";"default";"PURCHASED";"hw_D8455974-0ABC-409A-AD66-8C076F2B0CBF";"USD"
"e1533c84";"Pocket Pricer";"appc77c03e0ac";"Pocket Pricer (App Store) (App Store)";1778590232488;1779299382000;"1.5.3";"US";"iOS";"Version 26.4.2 (Build 23E261)";"5.55.1";"en-US,en;q=0.9";;;;;;;;;;;;;;;"f";;"Pocket Pricer Pro";"100";false;1778614287000;1778614287000;1778873487000;1778873487000;;1781551887000;;;0;8.990000000000000;"app_store";"US";"t";"100";;"active";"f";;"no_offer";"default";"PURCHASED";"hw_3EB748A5-45AC-48F0-85BC-4966C40BB172";"USD"
"e1533c84";"Pocket Pricer";"appc77c03e0ac";"Pocket Pricer (App Store) (App Store)";1776830249756;1779305309000;"1.5.3";"US";"iOS";"Version 18.7.8 (Build 22H352)";"5.55.1";"en-US,en;q=0.9";;;;;;;;;;;;;;;"f";;"Pocket Pricer Pro";"101";false;1776830312000;1776830312000;1777089512000;1778903912000;1778903912000;1779508712000;;;3;11.960000000000000;"app_store";"US";"t";"101";;"active";"f";;"no_offer";;"PURCHASED";"hw_A826233A-DEAF-491D-8540-AC1F4A2EF507";"USD"
"e1533c84";"Pocket Pricer";"appc77c03e0ac";"Pocket Pricer (App Store) (App Store)";1776824842858;1777671334000;"1.4.0";"CA";"iOS";"Version 26.3.1 (a) (Build 23D771330a)";"5.55.1";"en-CA,en-US;q=0.9,en;q=0.8";;;;;;;;;;;;;;;"f";;"Pocket Pricer Pro";"100";false;1776824868000;1776824868000;1777084068000;1777312923000;;1779904923000;;;0;8.767042355270682;"app_store";"CA";"t";"100,101";;"active";"f";;"no_offer";"default";"PURCHASED";"$RCAnonymousID:07a38dbb787842fa98199eff1de62b7f";"USD"
"e1533c84";"Pocket Pricer";"appc77c03e0ac";"Pocket Pricer (App Store) (App Store)";1776804101221;1778462707000;"1.5.3";"US";"iOS";"Version 26.4.2 (Build 23E261)";"5.55.1";"en-US,en;q=0.9";;;;;;;;;;;;;;;"f";;"Pocket Pricer Pro";"100";false;1777228006000;1777228006000;1777487206000;1777487206000;;1780079206000;1777715613370;;0;8.990000000000000;"app_store";"US";"f";"100";;"cancelled";"f";;"no_offer";"default";"PURCHASED";"hw_31502E38-351E-40E0-9DCA-83C403F3B840";"USD"
"e1533c84";"Pocket Pricer";"appc77c03e0ac";"Pocket Pricer (App Store) (App Store)";1776732967530;1776732989000;"1.4.0";"US";"iOS";"Version 26.3.1 (a) (Build 23D771330a)";"5.55.1";"en-US,en;q=0.9";;;;;;;;;;;;;;;"f";;"Pocket Pricer Pro";"100";false;1776733032000;1776733032000;1776992232000;1776992232000;;1779584232000;1778520258193;;0;8.990000000000000;"app_store";"US";"f";"100";;"cancelled";"f";;"no_offer";"default";"PURCHASED";"$RCAnonymousID:c1b40fbee42d4b3dbfd4ba52a61bedf8";"USD"
"e1533c84";"Pocket Pricer";"appc77c03e0ac";"Pocket Pricer (App Store) (App Store)";1773318954203;1778689736000;"1.4.0";"US";"iOS";"Version 18.6.2 (Build 22G100)";"5.55.1";"en-US,en;q=0.9";;;;;;;;;;;;;;;"f";;"Pocket Pricer Pro";"101";false;1775161622000;1775161622000;1775420822000;1779049622000;1779049622000;1779654422000;;;6;20.930000000000000;"app_store";"US";"t";"101";;"active";"f";;"no_offer";;"PURCHASED";"$RCAnonymousID:e47d9703ac8e40d19a8f64a1c2936a79";"USD"
"e1533c84";"Pocket Pricer";"appc77c03e0ac";"Pocket Pricer (App Store) (App Store)";1776829165168;1779406757000;"1.5.3";"US";"iOS";"Version 26.4.2 (Build 23E261)";"5.55.1";"en-US,en;q=0.9";;;;;;;;;;;;;;;"f";;"Pocket Pricer Pro";"100";false;1776829911000;1776829911000;1777089111000;1777089111000;;1779681111000;;;0;8.990000000000000;"app_store";"US";"t";"100";;"active";"f";;"no_offer";"default";"PURCHASED";"hw_314F3BF2-208E-4F88-8C2A-E1755811D43C";"USD"
"e1533c84";"Pocket Pricer";"appc77c03e0ac";"Pocket Pricer (App Store) (App Store)";1778980407211;1778980414000;"1.5.3";"US";"iOS";"Version 26.3 (Build 23D127)";"5.55.1";"en-US,en;q=0.9";;;;;;;;;;;;;;;"f";;"Pocket Pricer Pro";"100";false;1778980450000;1778980450000;1779239650000;1779239650000;;1781918050000;;;0;8.990000000000000;"app_store";"US";"t";"100";;"active";"f";;"no_offer";"default";"PURCHASED";"hw_7A5291C4-C934-4769-80A7-00EDA583D2C0";"USD"
"e1533c84";"Pocket Pricer";"appc77c03e0ac";"Pocket Pricer (App Store) (App Store)";1777104675089;1778988003000;"1.5.3";"US";"iOS";"Version 26.4.2 (Build 23E261)";"5.55.1";"en-US,en;q=0.9";;;;;;;;;;;;;;;"f";;"Pocket Pricer Pro";"100";false;1777104713000;1777104713000;1777363913000;1777363913000;;1779955913000;;;0;8.990000000000000;"app_store";"US";"t";"100";;"active";"f";;"no_offer";"default";"PURCHASED";"hw_B3BF44CC-DE23-4495-9E49-709C6017B875";"USD"
"e1533c84";"Pocket Pricer";"appc77c03e0ac";"Pocket Pricer (App Store) (App Store)";1779400674769;1779400685000;"1.5.3";"US";"iOS";"Version 26.4.2 (Build 23E261)";"5.55.1";"en-US,en;q=0.9";;;;;;;;;;;;;;;"f";;"Pocket Pricer Pro";"101";false;1779400800000;1779400800000;1779660000000;1779400800000;;1779660000000;;;0;0.000000000000000;"app_store";"US";"t";"101";;"free_trial";"f";"Free Trial (101)";"free_trial";"default";"PURCHASED";"hw_7733DB0A-3485-4667-9938-A66438F3FBA7";"USD"
"e1533c84";"Pocket Pricer";"appc77c03e0ac";"Pocket Pricer (App Store) (App Store)";1774301646572;1778864445000;"1.5.3";"US";"iOS";"Version 26.4.2 (Build 23E261)";"5.55.1";"en-US,en;q=0.9";;;;;;;;;;;;;;;"f";;"Pocket Pricer Pro";"100";false;1775590973000;1775590973000;1775850173000;1778442173000;1778442173000;1781120573000;1779304501068;;1;17.980000000000000;"app_store";"US";"f";"100";;"cancelled";"f";;"no_offer";"default";"PURCHASED";"hw_0DDB6732-2D76-48B1-BFEF-22ECE24D5D87";"USD"
"e1533c84";"Pocket Pricer";"appc77c03e0ac";"Pocket Pricer (App Store) (App Store)";1774955702860;1778346982000;"1.5.3";"US";"iOS";"Version 17.6.1 (Build 21G93)";"5.55.1";"en-US,en;q=0.9";;;;;;;;;;;;;;;"f";;"Pocket Pricer Pro";"100";false;1774958634000;1774958634000;1775217834000;1777809834000;1777809834000;1780488234000;;;1;17.980000000000000;"app_store";"US";"t";"100";;"active";"f";;"no_offer";;"PURCHASED";"hw_415285CD-8770-493D-9D36-788EFD88262D";"USD"
"e1533c84";"Pocket Pricer";"appc77c03e0ac";"Pocket Pricer (App Store) (App Store)";1776276682769;1776276690000;"1.4.0";"US";"iOS";"Version 26.4 (Build 23E246)";"5.55.1";"en-US,en;q=0.9";;;;;;;;;;;;;;;"f";;"Pocket Pricer Pro";"100";false;1776276724000;1776276724000;1776535924000;1779127924000;1779127924000;1781806324000;;;1;17.980000000000000;"app_store";"US";"t";"100";;"active";"f";;"no_offer";"default";"PURCHASED";"$RCAnonymousID:3cd2ad267cae45c8a5df96315d724c21";"USD"
"e1533c84";"Pocket Pricer";"appc77c03e0ac";"Pocket Pricer (App Store) (App Store)";1778169137506;1778169226000;"1.5.3";"US";"iOS";"Version 26.3.1 (a) (Build 23D771330a)";"5.55.1";"en-US,en;q=0.9";;;;;;;;;;;;;;;"f";;"Pocket Pricer Pro";"101";false;1778169287000;1778169287000;1778428487000;1779033287000;1779033287000;1779638087000;;;1;5.980000000000000;"app_store";"US";"t";"101";;"active";"f";;"no_offer";"default";"PURCHASED";"hw_B8CC629A-D781-48AD-AB9E-C9F363BFED12";"USD"
"e1533c84";"Pocket Pricer";"appc77c03e0ac";"Pocket Pricer (App Store) (App Store)";1778394459754;1779380233000;"1.5.3";"US";"iOS";"Version 26.3 (Build 23D127)";"5.55.1";"en-US,en;q=0.9";;;;;;;;;;;;;;;"f";;"Pocket Pricer Pro";"100";false;1778460805000;1778460805000;1778720005000;1778720005000;;1781398405000;;;0;8.990000000000000;"app_store";"US";"t";"100";;"active";"f";;"no_offer";"default";"PURCHASED";"hw_55F5F442-9D2E-470D-B737-E7ED7DCBBBC0";"USD"
"e1533c84";"Pocket Pricer";"appc77c03e0ac";"Pocket Pricer (App Store) (App Store)";1778409568760;1778960768000;"1.5.3";"US";"iOS";"Version 26.4.2 (Build 23E261)";"5.55.1";"en-US,en;q=0.9";;;;;;;;;;;;;;;"f";;"Pocket Pricer Pro";"101";false;1778409817000;1778409817000;1778669017000;1779273817000;1779273817000;1779878617000;;;1;5.980000000000000;"app_store";"US";"t";"101";;"active";"f";;"no_offer";"default";"PURCHASED";"hw_71C37829-72F0-42A0-AFA4-6D3631DDCBCD";"USD"
"e1533c84";"Pocket Pricer";"appc77c03e0ac";"Pocket Pricer (App Store) (App Store)";1776695979070;1776696150000;"1.4.0";"US";"iOS";"Version 26.4.1 (Build 23E254)";"5.55.1";"en-US,en;q=0.9";;;;;;;;;;;;;;;"f";;"Pocket Pricer Pro";"100";false;1776696205000;1776696205000;1776955405000;1776955405000;;1779547405000;1777943487898;;0;8.990000000000000;"app_store";"US";"f";"100";;"cancelled";"f";;"no_offer";"default";"PURCHASED";"$RCAnonymousID:827e1abb88d64fde8a581366286ef905";"USD"
"e1533c84";"Pocket Pricer";"appc77c03e0ac";"Pocket Pricer (App Store) (App Store)";1779048724886;1779149113000;"1.5.3";"US";"iOS";"Version 26.1 (Build 23B85)";"5.55.1";"en-US,en;q=0.9";;;;;;;;;;;;;;;"f";;"Pocket Pricer Pro";"100";false;1779048791000;1779048791000;1779307991000;1779307991000;;1781986391000;;;0;8.990000000000000;"app_store";"US";"t";"100";;"active";"f";;"no_offer";"default";"PURCHASED";"hw_FC765CE1-FF4E-42C3-AE1F-7444AA91485B";"USD"
"e1533c84";"Pocket Pricer";"appc77c03e0ac";"Pocket Pricer (App Store) (App Store)";1777949416018;1779246247000;"1.4.0";"US";"iOS";"Version 26.4.2 (Build 23E261)";"5.55.1";"en-US,en;q=0.9";;;;;;;;;;;;;;;"f";;"Pocket Pricer Pro";"100";false;1777949436000;1777949436000;1778208636000;1778208636000;;1780887036000;;;0;8.990000000000000;"app_store";"US";"t";"100";;"active";"f";;"no_offer";"default";"PURCHASED";"$RCAnonymousID:011608d83c9146ec9f7c23a7ad3c0092";"USD"
"e1533c84";"Pocket Pricer";"appc77c03e0ac";"Pocket Pricer (App Store) (App Store)";1777063838631;1777063849000;"1.4.0";"US";"iOS";"Version 26.3.1 (a) (Build 23D771330a)";"5.55.1";"en-US,en;q=0.9";;;;;;;;;;;;;;;"f";;"Pocket Pricer Pro";"103";false;1777063888000;1777063888000;1777323088000;1777323088000;;1808859088000;;;0;59.990000000000002;"app_store";"US";"t";"103";;"active";"f";;"no_offer";"default";"PURCHASED";"$RCAnonymousID:a6c8a0507088429abe078a56536a6d62";"USD"
"e1533c84";"Pocket Pricer";"appc77c03e0ac";"Pocket Pricer (App Store) (App Store)";1777167119646;1777167126000;"1.4.0";"US";"iOS";"Version 26.3.1 (a) (Build 23D771330a)";"5.55.1";"en-US,en;q=0.9";;;;;;;;;;;;;;;"f";;"Pocket Pricer Pro";"103";false;1777167189000;1777167189000;1777426389000;1777426389000;;1808962389000;;;0;59.990000000000002;"app_store";"US";"t";"103";;"active";"f";;"no_offer";"default";"PURCHASED";"$RCAnonymousID:d71b4ec208174350a36fd25c7df65923";"USD"
"e1533c84";"Pocket Pricer";"appc77c03e0ac";"Pocket Pricer (App Store) (App Store)";1775595218613;1779277138000;"1.5.3";"US";"iOS";"Version 26.2 (Build 23C55)";"5.55.1";"en-US,en;q=0.9";;;;;;;;;;;;;;;"f";;"Pocket Pricer Pro";"100";false;1775790398000;1775790398000;1776049598000;1778641598000;1778641598000;1781319998000;;;1;17.980000000000000;"app_store";"US";"t";"100";;"active";"f";;"no_offer";"default";"PURCHASED";"hw_A63C1C2A-93C3-4958-84A1-0408DF2362DE";"USD"
"e1533c84";"Pocket Pricer";"appc77c03e0ac";"Pocket Pricer (App Store) (App Store)";1777435929106;1778943507000;"1.5.3";"US";"iOS";"Version 26.4.2 (Build 23E261)";"5.55.1";"en-US,en;q=0.9";;;;;;;;;;;;;;;"f";;"Pocket Pricer Pro";"100";false;1777435995000;1777435995000;1777695195000;1777695195000;;1780373595000;;;0;8.990000000000000;"app_store";"US";"t";"100";;"active";"f";;"no_offer";"default";"PURCHASED";"hw_D6912D25-2E0A-4B20-A464-BA94243FB9DF";"USD"
"e1533c84";"Pocket Pricer";"appc77c03e0ac";"Pocket Pricer (App Store) (App Store)";1776702542408;1779385530000;"1.5.3";"US";"iOS";"Version 26.4.2 (Build 23E261)";"5.55.1";"en-US,en;q=0.9";;;;;;;;;;;;;;;"f";;"Pocket Pricer Pro";"101";false;1776702568000;1776702568000;1776961768000;1779380968000;1779380968000;1779985768000;;;4;14.950000000000000;"app_store";"US";"t";"101";;"active";"f";;"no_offer";"default";"PURCHASED";"hw_9BA59730-D8A9-4BCA-8455-69F8CE73E5AC";"USD"
"e1533c84";"Pocket Pricer";"appc77c03e0ac";"Pocket Pricer (App Store) (App Store)";1776631575797;1779244621000;"1.5.3";"US";"iOS";"Version 26.4.2 (Build 23E261)";"5.55.1";"en-US,en;q=0.9";;;;;;;;;;;;;;;"f";;"Pocket Pricer Pro";"101";false;1776631755000;1776631755000;1776890955000;1779310155000;1779310155000;1779914955000;;;4;14.950000000000000;"app_store";"US";"t";"101";;"active";"f";;"no_offer";;"PURCHASED";"hw_DBEF6BAC-596D-4874-BBE8-C6A5034B1589";"USD"
"e1533c84";"Pocket Pricer";"appc77c03e0ac";"Pocket Pricer (App Store) (App Store)";1776169120303;1778200812000;"1.5.3";"US";"iOS";"Version 26.4.2 (Build 23E261)";"5.55.1";"en-US,en;q=0.9";;;;;;;;;;;;;;;"f";;"Pocket Pricer Pro";"103";false;1777424978000;1777424978000;1777684178000;1777684178000;;1809220178000;;;0;59.990000000000002;"app_store";"US";"t";"103";;"active";"f";;"no_offer";"default";"PURCHASED";"hw_D18394FE-593D-4B6F-82AA-0DBF6262B942";"USD"
"e1533c84";"Pocket Pricer";"appc77c03e0ac";"Pocket Pricer (App Store) (App Store)";1778423701107;1779125427000;"1.5.3";"US";"iOS";"Version 26.4.2 (Build 23E261)";"5.55.1";"en-US,en;q=0.9";;;;;;;;;;;;;;;"f";;"Pocket Pricer Pro";"103";false;1779125516000;1779125516000;1779384716000;1779384716000;;1810920716000;;;0;59.990000000000002;"app_store";"US";"t";"103";;"active";"f";;"no_offer";"default";"PURCHASED";"hw_5E280E1C-3964-4601-A5FB-A263E81D9406";"USD"
"e1533c84";"Pocket Pricer";"appc77c03e0ac";"Pocket Pricer (App Store) (App Store)";1778692278200;1779373337000;"1.5.3";"US";"iOS";"Version 26.5 (Build 23F77)";"5.55.1";"en-US,en;q=0.9";;;;;;;;;;;;;;;"f";;"Pocket Pricer Pro";"100";false;1779371400000;1779371400000;1779630600000;1779371400000;;1779630600000;;;0;0.000000000000000;"app_store";"US";"t";"100";;"free_trial";"f";"Free Trial (100)";"free_trial";"default";"PURCHASED";"hw_929F2D17-1FC4-4A96-ADBD-0AFEF81BEFFF";"USD"
"e1533c84";"Pocket Pricer";"appc77c03e0ac";"Pocket Pricer (App Store) (App Store)";1777500447100;1779405300000;"1.4.0";"US";"iOS";"Version 26.5 (Build 23F77)";"5.55.1";"en-US,en;q=0.9";;;;;;;;;;;;;;;"f";;"Pocket Pricer Pro";"100";false;1777730194000;1777730194000;1777989394000;1777989394000;;1780667794000;;;0;8.990000000000000;"app_store";"US";"t";"100";;"active";"f";;"no_offer";"default";"PURCHASED";"$RCAnonymousID:0a3fe962e8364420afe7d6833cd03c05";"USD"
"e1533c84";"Pocket Pricer";"appc77c03e0ac";"Pocket Pricer (App Store) (App Store)";1776309598463;1776309604000;"1.4.0";"US";"iOS";"Version 26.3.1 (a) (Build 23D771330a)";"5.55.1";"en-US,en;q=0.9";;;;;;;;;;;;;;;"f";;"Pocket Pricer Pro";"100";false;1776309641000;1776309641000;1776568841000;1779160841000;1779160841000;1781839241000;;;1;17.980000000000000;"app_store";"US";"t";"100";;"active";"f";;"no_offer";"default";"PURCHASED";"$RCAnonymousID:1fda3fc0819b4b0cbc7f2baf70444459";"USD"
"e1533c84";"Pocket Pricer";"appc77c03e0ac";"Pocket Pricer (App Store) (App Store)";1777733428716;1779034221000;"1.5.3";"US";"iOS";"Version 26.4.2 (Build 23E261)";"5.55.1";"en-US,en;q=0.9";;;;;;;;;;;;;;;"f";;"Pocket Pricer Pro";"100";false;1777733506000;1777733506000;1777992706000;1777992706000;;1780671106000;;;0;8.990000000000000;"app_store";"US";"t";"100";;"active";"f";;"no_offer";"default";"PURCHASED";"hw_40888B42-F68E-4947-B308-77768C3A7DF3";"USD"
"e1533c84";"Pocket Pricer";"appc77c03e0ac";"Pocket Pricer (App Store) (App Store)";1775654160515;1777822303000;"1.4.0";"US";"iOS";"Version 26.3.1 (a) (Build 23D771330a)";"5.55.1";"en-US,en;q=0.9";;;;;;;;;;;;;;;"f";;"Pocket Pricer Pro";"100";false;1775654217000;1775654217000;1775913417000;1778505417000;1778505417000;1781183817000;;;1;17.980000000000000;"app_store";"US";"t";"100";;"active";"f";;"no_offer";"default";"PURCHASED";"$RCAnonymousID:508996b85a8f410f878ba718d91d1140";"USD"
"e1533c84";"Pocket Pricer";"appc77c03e0ac";"Pocket Pricer (App Store) (App Store)";1778001032315;1779293643000;"1.5.3";"US";"iOS";"Version 26.4.2 (Build 23E261)";"5.55.1";"en-US,en;q=0.9";;;;;;;;;;;;;;;"f";;"Pocket Pricer Pro";"100";false;1778001113000;1778001113000;1778260313000;1778260313000;;1780938713000;;;0;8.990000000000000;"app_store";"US";"t";"100";;"active";"f";;"no_offer";"default";"PURCHASED";"hw_178938B5-DF2B-4323-851C-9087FE00529D";"USD"
"e1533c84";"Pocket Pricer";"appc77c03e0ac";"Pocket Pricer (App Store) (App Store)";1774040764026;1779321582000;"1.5.3";"US";"iOS";"Version 26.3.1 (a) (Build 23D771330a)";"5.55.1";"en-US,en;q=0.9";;;;;;;;;;;;;;;"f";;"Pocket Pricer Pro";"100";false;1774328407000;1774328407000;1774587607000;1777266007000;1777266007000;1779858007000;;;1;17.980000000000000;"app_store";"US";"t";"100";;"active";"f";;"no_offer";"default";"PURCHASED";"hw_6DCD46AA-3E48-4CFC-B0DF-3D8C50B4C68E";"USD"
"e1533c84";"Pocket Pricer";"appc77c03e0ac";"Pocket Pricer (App Store) (App Store)";1775886330017;1779158508000;"1.5.3";"US";"iOS";"Version 26.4.2 (Build 23E261)";"5.55.1";"en-US,en;q=0.9";;;;;;;;;;;;;;;"f";;"Pocket Pricer Pro";"103";false;1775886394000;1775886394000;1776145594000;1776145594000;;1807681594000;;;0;59.990000000000002;"app_store";"US";"t";"103";;"active";"f";;"no_offer";"default";"PURCHASED";"hw_6AEDB218-71DC-45CB-971C-1995B9371DF7";"USD"
"e1533c84";"Pocket Pricer";"appc77c03e0ac";"Pocket Pricer (App Store) (App Store)";1776769730485;1776769739000;"1.4.0";"US";"iOS";"Version 26.3 (Build 23D127)";"5.55.1";"en-US,en;q=0.9";;;;;;;;;;;;;;;"f";;"Pocket Pricer Pro";"100";false;1776769850000;1776769850000;1777029050000;1777029050000;;1779621050000;;;0;8.990000000000000;"app_store";"US";"t";"100";;"active";"f";;"no_offer";"default";"PURCHASED";"$RCAnonymousID:a89b9209334d4e85b1c18a095dc01cbe";"USD"
"e1533c84";"Pocket Pricer";"appc77c03e0ac";"Pocket Pricer (App Store) (App Store)";1777472501452;1777472510000;"1.4.0";"US";"iOS";"Version 26.4.2 (Build 23E261)";"5.55.1";"en-US,en;q=0.9";;;;;;;;;;;;;;;"f";;"Pocket Pricer Pro";"100";false;1777472552000;1777472552000;1777731752000;1777731752000;;1780410152000;;;0;8.990000000000000;"app_store";"US";"t";"100";;"active";"f";;"no_offer";"default";"PURCHASED";"$RCAnonymousID:cbb17cd8f3a3499cae539ee8a440cee0";"USD"
"e1533c84";"Pocket Pricer";"appc77c03e0ac";"Pocket Pricer (App Store) (App Store)";1774976966990;1776284142000;"1.4.0";"US";"iOS";"Version 26.3.1 (a) (Build 23D771330a)";"5.55.1";"en-US,en;q=0.9";;;;;;;;;;;;;;;"f";;"Pocket Pricer Pro";"100";false;1774977131000;1774977131000;1775236331000;1777828331000;1777828331000;1780506731000;1778266869460;;1;17.980000000000000;"app_store";"US";"f";"100";;"cancelled";"f";;"no_offer";"default";"PURCHASED";"$RCAnonymousID:cb863af2cddf447c8623417c00a2e6bb";"USD"
"e1533c84";"Pocket Pricer";"appc77c03e0ac";"Pocket Pricer (App Store) (App Store)";1773930345177;1775983081000;"1.4.0";"US";"iOS";"Version 26.3.1 (a) (Build 23D771330a)";"5.55.1";"en-US,en;q=0.9";;;;;;;;;;;;;;;"f";;"Pocket Pricer Pro";"100";false;1775983259000;1775983259000;1776242459000;1778834459000;1778834459000;1781512859000;;;1;17.980000000000000;"app_store";"US";"t";"100";;"active";"f";;"no_offer";"default";"PURCHASED";"$RCAnonymousID:7424f4294a374d10a98bdebc42133055";"USD"
"e1533c84";"Pocket Pricer";"appc77c03e0ac";"Pocket Pricer (App Store) (App Store)";1777361818243;1778891703000;"1.5.3";"US";"iOS";"Version 26.3.1 (Build 23D8133)";"5.55.1";"en-US,en;q=0.9";;;;;;;;;;;;;;;"f";;"Pocket Pricer Pro";"101";false;1778891892000;1778891892000;1779151092000;1779151092000;;1779755892000;;;0;2.990000000000000;"app_store";"US";"t";"101";;"active";"f";;"no_offer";"default";"PURCHASED";"hw_4301D462-6BCC-40B5-9C11-4241889034A2";"USD"
"e1533c84";"Pocket Pricer";"appc77c03e0ac";"Pocket Pricer (App Store) (App Store)";1776094889791;1776573748000;"1.4.0";"US";"iOS";"Version 26.1 (Build 23B85)";"5.55.1";"en-US,en;q=0.9";;;;;;;;;;;;;;;"f";;"Pocket Pricer Pro";"100";false;1776099152000;1776099152000;1776358352000;1778950352000;1778950352000;1781628752000;;;1;17.980000000000000;"app_store";"US";"t";"100";;"active";"f";;"no_offer";"default";"PURCHASED";"$RCAnonymousID:706f755f68d0464ab0773f9677bec53c";"USD"
"e1533c84";"Pocket Pricer";"appc77c03e0ac";"Pocket Pricer (App Store) (App Store)";1776547768525;1777156879000;"1.4.0";"US";"iOS";"Version 26.3.1 (a) (Build 23D771330a)";"5.55.1";"en-US,en;q=0.9";;;;;;;;;;;;;;;"f";;"Pocket Pricer Pro";"100";false;1776732482000;1776732482000;1776991682000;1776991682000;;1779583682000;;;0;8.990000000000000;"app_store";"US";"t";"100";;"active";"f";;"no_offer";"default";"PURCHASED";"$RCAnonymousID:29d0657dafea4b0ab30c316d9143cf98";"USD"
"e1533c84";"Pocket Pricer";"appc77c03e0ac";"Pocket Pricer (App Store) (App Store)";1777663448846;1778777452000;"1.4.0";"US";"iOS";"Version 26.1 (Build 23B85)";"5.55.1";"en-US,en;q=0.9";;;;;;;;;;;;;;;"f";;"Pocket Pricer Pro";"100";false;1778777472000;1778777472000;1779036672000;1779036672000;;1781715072000;;;0;8.990000000000000;"app_store";"US";"t";"100";;"active";"f";;"no_offer";"default";"PURCHASED";"$RCAnonymousID:ec6a8c031427412cb706e4ba9aa3e833";"USD"
"e1533c84";"Pocket Pricer";"appc77c03e0ac";"Pocket Pricer (App Store) (App Store)";1773416921585;1778267727000;"1.5.3";"US";"iOS";"Version 26.3 (Build 23D127)";"5.55.1";"en-US,en;q=0.9";;;;;;;;;;;;;;;"f";;"Pocket Pricer Pro";"103";false;1773418444000;1773418444000;1773677644000;1775740101000;;1807276101000;;;0;59.990000000000002;"app_store";"US";"t";"100,103";;"active";"f";;"no_offer";"default";"PURCHASED";"hw_2DF23D8B-038B-40BD-A317-7504FB0B7A90";"USD"
"e1533c84";"Pocket Pricer";"appc77c03e0ac";"Pocket Pricer (App Store) (App Store)";1771999135279;1778985683000;"1.5.3";"US";"iOS";"Version 26.4.2 (Build 23E261)";"5.55.1";"en-US,en;q=0.9";;;;;;;;;;;;;;;"f";;"Pocket Pricer Pro";"100";false;1772965274000;;;1778235674000;1778235674000;1780914074000;;;2;26.970000000000000;"app_store";"US";"t";"100";;"active";"f";;"no_offer";"default";"PURCHASED";"hw_81B7D5A0-65EA-4FB4-B086-8A472595532A";"USD"
"e1533c84";"Pocket Pricer";"appc77c03e0ac";"Pocket Pricer (App Store) (App Store)";1777405545570;1779037445000;"1.5.3";"US";"iOS";"Version 26.4.2 (Build 23E261)";"5.55.1";"en-US,en;q=0.9";;;;;;;;;;;;;;;"f";;"Pocket Pricer Pro";"100";false;1777405607000;1777405607000;1777664807000;1777664807000;;1780343207000;;;0;8.990000000000000;"app_store";"US";"t";"100";;"active";"f";;"no_offer";;"PURCHASED";"hw_A3707698-656B-4252-BEEC-EA6E1E14CDC5";"USD"
"e1533c84";"Pocket Pricer";"appc77c03e0ac";"Pocket Pricer (App Store) (App Store)";1773853540282;1778953397000;"1.5.3";"US";"iOS";"Version 26.3.1 (a) (Build 23D771330a)";"5.55.1";"en-US,en;q=0.9";;;;;;;;;;;;;;;"f";;"Pocket Pricer Pro";"100";false;1774311656000;1774311656000;1774570856000;1777249256000;1777249256000;1779841256000;;;1;17.980000000000000;"app_store";"US";"t";"100";;"active";"f";;"no_offer";"default";"PURCHASED";"hw_0AC543D9-5D49-4A03-81EE-B2942594C62D";"USD"
"e1533c84";"Pocket Pricer";"appc77c03e0ac";"Pocket Pricer (App Store) (App Store)";1777031169806;1778467702000;"1.5.3";"US";"iOS";"Version 26.4.2 (Build 23E261)";"5.55.1";"en-US,en;q=0.9";;;;;;;;;;;;;;;"f";;"Pocket Pricer Pro";"100";false;1777031219000;1777031219000;1777290419000;1777290419000;;1779882419000;;;0;8.990000000000000;"app_store";"US";"t";"100";;"active";"f";;"no_offer";"default";"PURCHASED";"hw_CA09D38B-1E5D-46C3-9646-9F5ECCD2EFE5";"USD"
"e1533c84";"Pocket Pricer";"appc77c03e0ac";"Pocket Pricer (App Store) (App Store)";1777133742594;1779323992000;"1.5.3";"US";"iOS";"Version 26.4.2 (Build 23E261)";"5.55.1";"en-US,en;q=0.9";;;;;;;;;;;;;;;"f";;"Pocket Pricer Pro";"101";false;1777157151000;1777157151000;1777416351000;1779230751000;1779230751000;1779835551000;;;3;11.960000000000000;"app_store";"US";"t";"101";;"active";"f";;"no_offer";"default";"PURCHASED";"hw_2A70DD45-D49D-4AA8-83F5-2CE8F47FC5A0";"USD"
"e1533c84";"Pocket Pricer";"appc77c03e0ac";"Pocket Pricer (App Store) (App Store)";1779325075365;1779325083000;"1.5.3";"US";"iOS";"Version 26.5 (Build 23F77)";"5.55.1";"en-US,en;q=0.9";;;;;;;;;;;;;;;"f";;"Pocket Pricer Pro";"100";false;1779325197000;1779325197000;1779584397000;1779325197000;;1779584397000;;;0;0.000000000000000;"app_store";"US";"t";"100";;"free_trial";"f";"Free Trial (100)";"free_trial";"default";"PURCHASED";"hw_5BC050E6-E272-42B2-AB9B-A2B50B10986A";"USD"
"e1533c84";"Pocket Pricer";"appc77c03e0ac";"Pocket Pricer (App Store) (App Store)";1777126093303;1779320063000;"1.5.3";"US";"iOS";"Version 26.4.2 (Build 23E261)";"5.55.1";"en-US,en;q=0.9";;;;;;;;;;;;;;;"f";;"Pocket Pricer Pro";"103";false;1777126125000;1777126125000;1777385325000;1777385325000;;1808921325000;;;0;59.990000000000002;"app_store";"US";"t";"103";;"active";"f";;"no_offer";"default";"PURCHASED";"hw_B0BF895C-CA41-4165-94CB-FA4D7FEADF97";"USD"
"e1533c84";"Pocket Pricer";"appc77c03e0ac";"Pocket Pricer (App Store) (App Store)";1773856362227;1776005877000;"1.4.0";"US";"iOS";"Version 26.3.1 (a) (Build 23D771330a)";"5.55.1";"en-US,en;q=0.9";;;;;;;;;;;;;;;"f";;"Pocket Pricer Pro";"100";false;1774117170000;1774117170000;1774376370000;1777054770000;1777054770000;1779646770000;1779242187806;;1;17.980000000000000;"app_store";"US";"f";"100";;"cancelled";"f";;"no_offer";"default";"PURCHASED";"$RCAnonymousID:a130f8ef2d5a47a7b84c8cc7b6982aa2";"USD"
"e1533c84";"Pocket Pricer";"appc77c03e0ac";"Pocket Pricer (App Store) (App Store)";1775047280250;1777780031000;"1.4.0";"US";"iOS";"Version 26.3.1 (a) (Build 23D771330a)";"5.55.1";"en-US,en;q=0.9";;;;;;;;;;;;;;;"f";;"Pocket Pricer Pro";"103";false;1776014161000;1776014161000;1776273361000;1776273361000;;1807809361000;;;0;59.990000000000002;"app_store";"US";"t";"103";;"active";"f";;"no_offer";"default";"PURCHASED";"$RCAnonymousID:6071118d55214765b55fc458d51e3821";"USD"
"e1533c84";"Pocket Pricer";"appc77c03e0ac";"Pocket Pricer (App Store) (App Store)";1776133167561;1779397745000;"1.5.3";"US";"iOS";"Version 26.5 (Build 23F77)";"5.55.1";"en-US,en;q=0.9";;;;;;;;;;;;;;;"f";;"Pocket Pricer Pro";"103";false;1776133271000;1776133271000;1776392471000;1776637339000;;1808173339000;;;0;59.990000000000002;"app_store";"US";"t";"103";;"active";"f";;"no_offer";"default";"PURCHASED";"hw_6FE9A769-9430-429C-A4E1-E7DD644039A5";"USD"
"e1533c84";"Pocket Pricer";"appc77c03e0ac";"Pocket Pricer (App Store) (App Store)";1777221455084;1779378622000;"1.5.3";"US";"iOS";"Version 26.4.2 (Build 23E261)";"5.55.1";"en-US,en;q=0.9";;;;;;;;;;;;;;;"f";;"Pocket Pricer Pro";"100";false;1777221598000;1777221598000;1777480798000;1777480798000;;1780072798000;;;0;8.990000000000000;"app_store";"US";"t";"100";;"active";"f";;"no_offer";"default";"PURCHASED";"hw_1F597CF9-C05B-485C-93B2-A1A6C77CEF37";"USD"
"e1533c84";"Pocket Pricer";"appc77c03e0ac";"Pocket Pricer (App Store) (App Store)";1777221494436;1779407396000;"1.5.3";"US";"iOS";"Version 26.4.2 (Build 23E261)";"5.55.1";"en-US,en;q=0.9";;;;;;;;;;;;;;;"f";;"Pocket Pricer Pro";"100";false;1777256908000;1777256908000;1777516108000;1777516108000;;1780108108000;1778632401066;;0;8.990000000000000;"app_store";"US";"f";"100";;"cancelled";"f";;"no_offer";"default";"PURCHASED";"hw_DE231054-60C9-43F1-9C8B-C476A86C08C0";"USD"
"e1533c84";"Pocket Pricer";"appc77c03e0ac";"Pocket Pricer (App Store) (App Store)";1773359999726;1779031507000;"1.5.3";"US";"iOS";"Version 26.4.2 (Build 23E261)";"5.55.1";"en-US,en;q=0.9";;;;;;;;;;;;;;;"f";;"Pocket Pricer Pro";"100";false;1773421339000;1773421339000;1773680539000;1778950939000;1778950939000;1781629339000;;;2;26.970000000000000;"app_store";"US";"t";"100";;"active";"f";;"no_offer";"default";"PURCHASED";"hw_49134033-0C4F-4C3C-B575-2803401D272B";"USD"
"e1533c84";"Pocket Pricer";"appc77c03e0ac";"Pocket Pricer (App Store) (App Store)";1778037235643;1778037384000;"1.5.3";"US";"iOS";"Version 18.4 (Build 22E240)";"5.55.1";"en-US,en;q=0.9";;;;;;;;;;;;;;;"f";;"Pocket Pricer Pro";"100";false;1778037417000;1778037417000;1778296617000;1778296617000;;1780975017000;1779290752140;;0;8.990000000000000;"app_store";"US";"f";"100";;"cancelled";"f";;"no_offer";;"PURCHASED";"hw_33784D09-2AD6-4B20-BAC9-D27992536C05";"USD"
"e1533c84";"Pocket Pricer";"appc77c03e0ac";"Pocket Pricer (App Store) (App Store)";1774378665097;1778926403000;"1.5.3";"US";"iOS";"Version 26.4.2 (Build 23E261)";"5.55.1";"en-US,en;q=0.9";;;;;;;;;;;;;;;"f";;"Pocket Pricer Pro";"100";false;1774472971000;1774472971000;1774732171000;1778202002000;1778202002000;1780880402000;;;1;17.980000000000000;"app_store";"US";"t";"100";;"active";"f";;"no_offer";"default";"PURCHASED";"hw_FBB6468F-F3DC-47AA-B18F-C27E2F5DAEDC";"USD"
"e1533c84";"Pocket Pricer";"appc77c03e0ac";"Pocket Pricer (App Store) (App Store)";1777251270013;1779249701000;"1.5.3";"US";"iOS";"Version 26.4.2 (Build 23E261)";"5.55.1";"en-US,en;q=0.9";;;;;;;;;;;;;;;"f";;"Pocket Pricer Pro";"100";false;1777251518000;1777251518000;1777510718000;1777510718000;;1780102718000;;;0;8.990000000000000;"app_store";"US";"t";"100";;"active";"f";;"no_offer";"default";"PURCHASED";"hw_DDA739B5-E40F-41E0-9478-28271E0EAA0B";"USD"
"e1533c84";"Pocket Pricer";"appc77c03e0ac";"Pocket Pricer (App Store) (App Store)";1777349113671;1778250046000;"1.5.3";"US";"iOS";"Version 26.4.2 (Build 23E261)";"5.55.1";"en-US,en;q=0.9";;;;;;;;;;;;;;;"f";;"Pocket Pricer Pro";"103";false;1777349203000;1777349203000;1777608403000;1777608403000;;1809144403000;;;0;59.990000000000002;"app_store";"US";"t";"103";;"active";"f";;"no_offer";"default";"PURCHASED";"hw_0E5307CA-D2E3-4B52-8C82-FF31CCDCD2C7";"USD"
"e1533c84";"Pocket Pricer";"appc77c03e0ac";"Pocket Pricer (App Store) (App Store)";1773952606836;1779116358000;"1.5.3";"US";"iOS";"Version 26.4.2 (Build 23E261)";"5.55.1";"en-US,en;q=0.9";;;;;;;;;;;;;;;"f";;"Pocket Pricer Pro";"100";false;1773982917000;1773982917000;1774242117000;1776920517000;1776920517000;1779512517000;;;1;17.980000000000000;"app_store";"US";"t";"100";;"active";"f";;"no_offer";"default";"PURCHASED";"hw_ED3C60A0-E7F8-42D5-A427-3DD0B61CC4E7";"USD"
"e1533c84";"Pocket Pricer";"appc77c03e0ac";"Pocket Pricer (App Store) (App Store)";1776671213314;1779167911000;"1.5.3";"US";"iOS";"Version 26.2 (Build 23C55)";"5.55.1";"en-US,en;q=0.9";;;;;;;;;;;;;;;"f";;"Pocket Pricer Pro";"101";false;1776671265000;1776671265000;1776930465000;1779349665000;1779349665000;1779954465000;;;4;14.950000000000000;"app_store";"US";"t";"101";;"active";"f";;"no_offer";"default";"PURCHASED";"hw_EDBC47C3-367A-43C7-8F87-259581C16F6C";"USD"
"e1533c84";"Pocket Pricer";"appc77c03e0ac";"Pocket Pricer (App Store) (App Store)";1773139259859;1779304490000;"1.5.3";"US";"iOS";"Version 26.5 (Build 23F77)";"5.55.1";"en-US,en;q=0.9";;;;;;;;;;;;;;;"f";;"Pocket Pricer Pro";"100";false;1777810524000;1777810524000;1778069724000;1778320781000;;1780999181000;1778616679848;;0;8.990000000000000;"app_store";"US";"f";"100";;"cancelled";"f";;"no_offer";"default";"PURCHASED";"hw_78EC10F2-9F24-427C-9266-1C4C06883D97";"USD"
"e1533c84";"Pocket Pricer";"appc77c03e0ac";"Pocket Pricer (App Store) (App Store)";1776836831333;1776974019000;"1.4.0";"US";"iOS";"Version 26.3.1 (Build 23D8133)";"5.55.1";"en-US,en;q=0.9";;;;;;;;;;;;;;;"f";;"Pocket Pricer Pro";"100";false;1776886527000;1776886527000;1777145727000;1777388264000;;1779980264000;;;0;8.990000000000000;"app_store";"US";"t";"100";;"active";"f";;"no_offer";"default";"PURCHASED";"$RCAnonymousID:cf429d6d5ecd46fab6f25f1538e716d0";"USD"
"e1533c84";"Pocket Pricer";"appc77c03e0ac";"Pocket Pricer (App Store) (App Store)";1776381666151;1779236524000;"1.5.3";"US";"iOS";"Version 26.4.2 (Build 23E261)";"5.55.1";"en-US,en;q=0.9";;;;;;;;;;;;;;;"f";;"Pocket Pricer Pro";"101";false;1776381689000;1776381689000;1776640889000;1779060089000;1779060089000;1779664889000;;;4;14.950000000000000;"app_store";"US";"t";"101";;"active";"f";;"no_offer";"default";"PURCHASED";"hw_452A5094-3322-4DC6-8366-DA841D141518";"USD"
"e1533c84";"Pocket Pricer";"appc77c03e0ac";"Pocket Pricer (App Store) (App Store)";1776315382403;1777063072000;"1.4.0";"US";"iOS";"Version 26.2 (Build 23C55)";"5.55.1";"en-US,en;q=0.9";;;;;;;;;;;;;;;"f";;"Pocket Pricer Pro";"100";false;1776626459000;1776626459000;1776885659000;1776885659000;;1779477659000;;;0;8.990000000000000;"app_store";"US";"t";"100";;"active";"f";;"no_offer";"default";"PURCHASED";"$RCAnonymousID:0e1c6cd52af9476ea50c7705daa95f32";"USD"
"e1533c84";"Pocket Pricer";"appc77c03e0ac";"Pocket Pricer (App Store) (App Store)";1776637923761;1776637933000;"1.4.0";"US";"iOS";"Version 26.4.1 (Build 23E254)";"5.55.1";"en-US,en;q=0.9";;;;;;;;;;;;;;;"f";;"Pocket Pricer Pro";"100";false;1776638363000;1776638363000;1776897563000;1776897563000;;1779489563000;;;0;8.990000000000000;"app_store";"US";"t";"100";;"active";"f";;"no_offer";"default";"PURCHASED";"$RCAnonymousID:5ffa23a30cf5497aae91da4b746c6ab6";"USD"
"e1533c84";"Pocket Pricer";"appc77c03e0ac";"Pocket Pricer (App Store) (App Store)";1777772688205;1779230476000;"1.5.3";"US";"iOS";"Version 26.4.2 (Build 23E261)";"5.55.1";"en-US,en;q=0.9";;;;;;;;;;;;;;;"f";;"Pocket Pricer Pro";"100";false;1777927240000;1777927240000;1778186440000;1778186440000;;1780864840000;;;0;8.990000000000000;"app_store";"US";"t";"100";;"active";"f";;"no_offer";"default";"PURCHASED";"hw_C2E47D4F-E0B9-43FC-8F5F-9A7EC29AE27D";"USD"
"e1533c84";"Pocket Pricer";"appc77c03e0ac";"Pocket Pricer (App Store) (App Store)";1776696657266;1777410996000;"1.4.0";"US";"iOS";"Version 26.2 (Build 23C55)";"5.55.1";"en-US,en;q=0.9";;;;;;;;;;;;;;;"f";;"Pocket Pricer Pro";"100";false;1776696728000;1776696728000;1776955928000;1776955928000;;1779547928000;1777517092917;;0;8.990000000000000;"app_store";"US";"f";"100";;"cancelled";"f";;"no_offer";"default";"PURCHASED";"$RCAnonymousID:fb567a22720d4454815ba9297a00ea40";"USD"
"e1533c84";"Pocket Pricer";"appc77c03e0ac";"Pocket Pricer (App Store) (App Store)";1775493553696;1779221183000;"1.5.3";"US";"iOS";"Version 26.4.2 (Build 23E261)";"5.55.1";"en-US,en;q=0.9";;;;;;;;;;;;;;;"f";;"Pocket Pricer Pro";"100";false;1775938156000;1775938156000;1776197356000;1778789356000;1778789356000;1781467756000;;;1;17.980000000000000;"app_store";"US";"t";"100";;"active";"f";;"no_offer";"default";"PURCHASED";"hw_E8252EE3-0989-476C-A44B-1034FD79300E";"USD"
"e1533c84";"Pocket Pricer";"appc77c03e0ac";"Pocket Pricer (App Store) (App Store)";1773792949083;1778936952000;"1.5.3";"US";"iOS";"Version 26.4.2 (Build 23E261)";"5.55.1";"en-US,en;q=0.9";;;;;;;;;;;;;;;"f";;"Pocket Pricer Pro";"103";false;1776258923000;1776258923000;1776518123000;1776518123000;;1808054123000;;;0;59.990000000000002;"app_store";"US";"t";"103";;"active";"f";;"no_offer";"default";"PURCHASED";"hw_F331E1FF-BE3A-4DD1-B2D8-4DD742BA3878";"USD"
"e1533c84";"Pocket Pricer";"appc77c03e0ac";"Pocket Pricer (App Store) (App Store)";1774930066935;1778999679000;"1.5.3";"US";"iOS";"Version 26.5 (Build 23F77)";"5.55.1";"en-US,en;q=0.9";;;;;;;;;;;;;;;"f";;"Pocket Pricer Pro";"100";false;1774930095000;1774930095000;1775189295000;1777781295000;1777781295000;1780459695000;;;1;17.980000000000000;"app_store";"US";"t";"100";;"active";"f";;"no_offer";"default";"PURCHASED";"hw_0C5D82EE-B5FD-4164-B62A-B49CBFBF5003";"USD"
"e1533c84";"Pocket Pricer";"appc77c03e0ac";"Pocket Pricer (App Store) (App Store)";1776622779041;1779071755000;"1.5.3";"US";"iOS";"Version 26.4.2 (Build 23E261)";"5.55.1";"en-US,en;q=0.9";;;;;;;;;;;;;;;"f";;"Pocket Pricer Pro";"101";false;1776623440000;1776623440000;1776882640000;1779301840000;1779301840000;1779906640000;;;4;14.950000000000000;"app_store";"US";"t";"101";;"active";"f";;"no_offer";"default";"PURCHASED";"hw_3F97D77C-BE34-4007-893D-AC9E05D3C2E1";"USD"
"e1533c84";"Pocket Pricer";"appc77c03e0ac";"Pocket Pricer (App Store) (App Store)";1777173202871;1777654263000;"1.4.0";"US";"iOS";"Version 26.4.2 (Build 23E261)";"5.55.1";"en-US,en;q=0.9";;;;;;;;;;;;;;;"f";;"Pocket Pricer Pro";"103";false;1777173243000;1777173243000;1777432443000;1777432443000;;1808968443000;;;0;59.990000000000002;"app_store";"US";"t";"103";;"active";"f";;"no_offer";"default";"PURCHASED";"$RCAnonymousID:0de8e8abfe8f4d23a1770399fe2289bc";"USD"
"e1533c84";"Pocket Pricer";"appc77c03e0ac";"Pocket Pricer (App Store) (App Store)";1777111266678;1778246535000;"1.5.3";"US";"iOS";"Version 26.4.2 (Build 23E261)";"5.55.1";"en-US,en;q=0.9";;;;;;;;;;;;;;;"f";;"Pocket Pricer Pro";"100";false;1777111393000;1777111393000;1777370593000;1777370593000;;1779962593000;;;0;8.990000000000000;"app_store";"US";"t";"100";;"active";"f";;"no_offer";"default";"PURCHASED";"hw_54DCB857-66B9-467F-8E60-C37EA873A441";"USD"
"e1533c84";"Pocket Pricer";"appc77c03e0ac";"Pocket Pricer (App Store) (App Store)";1775087361826;1777344949000;"1.4.0";"US";"iOS";"Version 26.3.1 (Build 23D8133)";"5.55.1";"en-US,en;q=0.9";;;;;;;;;;;;;;;"f";;"Pocket Pricer Pro";"103";false;1775087492000;1775087492000;1775346692000;1775346692000;;1806882692000;;;0;59.990000000000002;"app_store";"US";"t";"103";;"active";"f";;"no_offer";"default";"PURCHASED";"$RCAnonymousID:0c4d74a06ff64030b1f647e8cf3f7c15";"USD"
"e1533c84";"Pocket Pricer";"appc77c03e0ac";"Pocket Pricer (App Store) (App Store)";1776648365479;1777579213000;"1.4.0";"US";"iOS";"Version 26.3.1 (a) (Build 23D771330a)";"5.55.1";"en-US,en;q=0.9";;;;;;;;;;;;;;;"f";;"Pocket Pricer Pro";"100";false;1777579246000;1777579246000;1777838446000;1777838446000;;1780516846000;;;0;8.990000000000000;"app_store";"US";"t";"100";;"active";"f";;"no_offer";"default";"PURCHASED";"$RCAnonymousID:9da6a4753bf0437a904456eeb13a056e";"USD"
"e1533c84";"Pocket Pricer";"appc77c03e0ac";"Pocket Pricer (App Store) (App Store)";1777055145003;1778360387000;"1.5.3";"US";"iOS";"Version 26.4.2 (Build 23E261)";"5.55.1";"en-US,en;q=0.9";;;;;;;;;;;;;;;"f";;"Pocket Pricer Pro";"100";false;1777055873000;1777055873000;1777315073000;1777315073000;;1779907073000;;;0;8.990000000000000;"app_store";"US";"t";"100";;"active";"f";;"no_offer";"default";"PURCHASED";"hw_451D839C-0337-472D-8054-6CD067CAB229";"USD"
"e1533c84";"Pocket Pricer";"appc77c03e0ac";"Pocket Pricer (App Store) (App Store)";1779228085865;1779233811000;"1.5.3";"US";"iOS";"Version 26.4.2 (Build 23E261)";"5.55.1";"en-US,en;q=0.9";;;;;;;;;;;;;;;"f";;"Pocket Pricer Pro";"100";false;1779233859000;1779233859000;1779493059000;1779233859000;;1779493059000;;;0;0.000000000000000;"app_store";"US";"t";"100";;"free_trial";"f";"Free Trial (100)";"free_trial";"default";"PURCHASED";"hw_B7A909AA-F3FD-4DB3-95DF-BE8F705F6368";"USD"
"e1533c84";"Pocket Pricer";"appc77c03e0ac";"Pocket Pricer (App Store) (App Store)";1777047413498;1778514954000;"1.5.3";"US";"iOS";"Version 26.4.2 (Build 23E261)";"5.55.1";"en-US,en;q=0.9";;;;;;;;;;;;;;;"f";;"Pocket Pricer Pro";"100";false;1777047492000;1777047492000;1777306692000;1777306692000;;1779898692000;1778578996794;;0;8.990000000000000;"app_store";"US";"f";"100";;"cancelled";"f";;"no_offer";"default";"PURCHASED";"hw_87DB55F8-F8FB-4F59-9AFB-C9D3DA17BA6C";"USD"
"e1533c84";"Pocket Pricer";"appc77c03e0ac";"Pocket Pricer (App Store) (App Store)";1775840888248;1779197982000;"1.5.3";"US";"iOS";"Version 26.5 (Build 23F77)";"5.55.1";"en-US,en;q=0.9";;;;;;;;;;;;;;;"f";;"Pocket Pricer Pro";"103";false;1775841055000;1775841055000;1776100255000;1776100255000;;1807636255000;;;0;59.990000000000002;"app_store";"US";"t";"103";;"active";"f";;"no_offer";"default";"PURCHASED";"hw_12D87E9B-D452-4438-895F-7712FEE28CE7";"USD"
"e1533c84";"Pocket Pricer";"appc77c03e0ac";"Pocket Pricer (App Store) (App Store)";1777258410369;1779139529000;"1.5.3";"US";"iOS";"Version 26.4.2 (Build 23E261)";"5.55.1";"en-US,en;q=0.9";;;;;;;;;;;;;;;"f";;"Pocket Pricer Pro";"101";false;1779045950000;1779045950000;1779305150000;1779305150000;;1779909950000;;;0;2.990000000000000;"app_store";"US";"t";"101";;"active";"f";;"no_offer";"default";"PURCHASED";"hw_9E97232D-B83C-41D8-8515-3E78D2B4AA68";"USD"
"e1533c84";"Pocket Pricer";"appc77c03e0ac";"Pocket Pricer (App Store) (App Store)";1774933272278;1779386889000;"1.5.3";"US";"iOS";"Version 26.4.2 (Build 23E261)";"5.55.1";"en-US,en;q=0.9";;;;;;;;;;;;;;;"f";;"Pocket Pricer Pro";"100";false;1779386911000;1779386911000;1779646111000;1779386911000;;1779646111000;;;0;0.000000000000000;"app_store";"US";"t";"100";;"free_trial";"f";"Free Trial (100)";"free_trial";"default";"PURCHASED";"hw_02EBE47F-8973-4DB4-83C2-03AF01564B1A";"USD"
"e1533c84";"Pocket Pricer";"appc77c03e0ac";"Pocket Pricer (App Store) (App Store)";1773920077958;1773920092000;"1.3.2";"US";"iOS";"Version 26.3.1 (Build 23D8133)";"5.55.1";"en-US,en;q=0.9";;;;;;;;;;;;;;;"f";;"Pocket Pricer Pro";"100";false;1773920776000;1773920776000;1774179976000;1776858376000;1776858376000;1779450376000;;;1;17.980000000000000;"app_store";"US";"t";"100";;"active";"f";;"no_offer";"default";"PURCHASED";"$RCAnonymousID:f4f21a0be74d472b9de8254b5f078278";"USD"
"e1533c84";"Pocket Pricer";"appc77c03e0ac";"Pocket Pricer (App Store) (App Store)";1777049181198;1779260457000;"1.5.3";"US";"iOS";"Version 26.5 (Build 23F77)";"5.55.1";"en-US,en;q=0.9";;;;;;;;;;;;;;;"f";;"Pocket Pricer Pro";"103";false;1777049214000;1777049214000;1777308414000;1777308414000;;1808844414000;;;0;59.990000000000002;"app_store";"US";"t";"103";;"active";"f";;"no_offer";"default";"PURCHASED";"hw_BF36B4BB-A277-4172-87AE-0DC026C38587";"USD"
"e1533c84";"Pocket Pricer";"appc77c03e0ac";"Pocket Pricer (App Store) (App Store)";1773342063654;1779044088000;"1.3.0";"US";"iOS";"Version 26.4.2 (Build 23E261)";"5.55.1";"en-US,en;q=0.9";;;;;;;;;;;;;;;"f";;"Pocket Pricer Pro";"100";false;1773417086000;1773417086000;1773676286000;1778946686000;1778946686000;1781625086000;;;2;26.970000000000000;"app_store";"US";"t";"100";;"active";"f";;"no_offer";"default";"PURCHASED";"$RCAnonymousID:c46b24386236448c81c316759d4aedf3";"USD"
"e1533c84";"Pocket Pricer";"appc77c03e0ac";"Pocket Pricer (App Store) (App Store)";1778431785492;1778431791000;"1.5.3";"US";"iOS";"Version 26.4.2 (Build 23E261)";"5.55.1";"en-US,en;q=0.9";;;;;;;;;;;;;;;"f";;"Pocket Pricer Pro";"103";false;1778431874000;1778431874000;1778691074000;1778691074000;;1810227074000;;;0;59.990000000000002;"app_store";"US";"t";"103";;"active";"f";;"no_offer";"default";"PURCHASED";"hw_D7A3F1B9-14EB-48A3-B993-A2C66B0B848B";"USD"
"e1533c84";"Pocket Pricer";"appc77c03e0ac";"Pocket Pricer (App Store) (App Store)";1777510737243;1777925242000;"1.4.0";"US";"iOS";"Version 26.3.1 (a) (Build 23D771330a)";"5.55.1";"en-US,en;q=0.9";;;;;;;;;;;;;;;"f";;"Pocket Pricer Pro";"100";false;1777925306000;1777925306000;1778184506000;1778184506000;;1780862906000;1778731119645;;0;8.990000000000000;"app_store";"US";"f";"100";;"cancelled";"f";;"no_offer";"default";"PURCHASED";"$RCAnonymousID:f953bb18f2ec46a0b969621ce9495337";"USD"
"e1533c84";"Pocket Pricer";"appc77c03e0ac";"Pocket Pricer (App Store) (App Store)";1778075829113;1779069604000;"1.5.3";"US";"iOS";"Version 26.4.2 (Build 23E261)";"5.55.1";"en-US,en;q=0.9";;;;;;;;;;;;;;;"f";;"Pocket Pricer Pro";"100";false;1778109592000;1778109592000;1778368792000;1778368792000;;1781047192000;;;0;8.990000000000000;"app_store";"US";"t";"100";;"active";"f";;"no_offer";"default";"PURCHASED";"hw_F1BE1EB4-9671-429C-86CF-28D3EF4B9482";"USD"
"e1533c84";"Pocket Pricer";"appc77c03e0ac";"Pocket Pricer (App Store) (App Store)";1776494824444;1778779275000;"1.5.3";"US";"iOS";"Version 26.4.2 (Build 23E261)";"5.55.1";"en-US,en;q=0.9";;;;;;;;;;;;;;;"f";;"Pocket Pricer Pro";"103";false;1778535023000;1778535023000;1778794223000;1778794223000;;1810330223000;;;0;59.990000000000002;"app_store";"US";"t";"103";;"active";"f";;"no_offer";"default";"PURCHASED";"hw_CEE41995-4DB4-4794-AD5E-F432985D523F";"USD"
"e1533c84";"Pocket Pricer";"appc77c03e0ac";"Pocket Pricer (App Store) (App Store)";1774719703223;1779377264000;"1.5.3";"US";"iOS";"Version 26.5 (Build 23F77)";"5.55.1";"en-US,en;q=0.9";;;;;;;;;;;;;;;"f";;"Pocket Pricer Pro";"100";false;1774719787000;1774719787000;1774978987000;1777570987000;1777570987000;1780249387000;;;1;17.980000000000000;"app_store";"US";"t";"100";;"active";"f";;"no_offer";"default";"PURCHASED";"hw_540B373A-2B1A-49AD-9C27-525F30C7D33F";"USD"
"e1533c84";"Pocket Pricer";"appc77c03e0ac";"Pocket Pricer (App Store) (App Store)";1774761716163;1777928816000;"1.4.0";"US";"iOS";"Version 26.3.1 (Build 23D8133)";"5.55.1";"en-US,en;q=0.9";;;;;;;;;;;;;;;"f";;"Pocket Pricer Pro";"100";false;1774761806000;1774761806000;1775021006000;1777613006000;1777613006000;1780291406000;;;1;17.980000000000000;"app_store";"US";"t";"100";;"active";"f";;"no_offer";"default";"PURCHASED";"$RCAnonymousID:257e632f16644e569fc3effd4b3808ae";"USD"
"e1533c84";"Pocket Pricer";"appc77c03e0ac";"Pocket Pricer (App Store) (App Store)";1776431058480;1779280686000;"1.5.3";"US";"iOS";"Version 26.4.2 (Build 23E261)";"5.55.1";"en-US,en;q=0.9";;;;;;;;;;;;;;;"f";;"Pocket Pricer Pro";"100";false;1776527550000;1776527550000;1776786750000;1777076331000;;1779668331000;;;0;8.990000000000000;"app_store";"US";"t";"100";;"active";"f";;"no_offer";"default";"PURCHASED";"hw_F30F5F2E-6985-4A71-99AB-8B1869271394";"USD"
"e1533c84";"Pocket Pricer";"appc77c03e0ac";"Pocket Pricer (App Store) (App Store)";1773839533855;1779141630000;"1.5.3";"US";"iOS";"Version 26.4.2 (Build 23E261)";"5.55.1";"en-US,en;q=0.9";;;;;;;;;;;;;;;"f";;"Pocket Pricer Pro";"100";false;1774008457000;1774008457000;1774267657000;1776946057000;1776946057000;1779538057000;;;1;17.980000000000000;"app_store";"US";"t";"100";;"active";"f";;"no_offer";"default";"PURCHASED";"hw_FCE7550F-5D69-45D3-B771-B4C2A38CD550";"USD"
"e1533c84";"Pocket Pricer";"appc77c03e0ac";"Pocket Pricer (App Store) (App Store)";1773066640903;1774554911000;"1.3.3";"US";"iOS";"Version 26.3.1 (a) (Build 23D771330a)";"5.55.1";"en-US,en;q=0.9";;;;;;;;;;;;;;;"f";;"Pocket Pricer Pro";"100";false;1773070917000;;;1778341317000;1778341317000;1781019717000;;;2;26.970000000000000;"app_store";"US";"t";"100";;"active";"f";;"no_offer";"default";"PURCHASED";"$RCAnonymousID:b2557a564fd047e3b9b083ad2720a9a8";"USD"
"e1533c84";"Pocket Pricer";"appc77c03e0ac";"Pocket Pricer (App Store) (App Store)";1774408518775;1777058783000;"1.4.0";"US";"iOS";"Version 26.3.1 (a) (Build 23D771330a)";"5.55.1";"en-US,en;q=0.9";;;;;;;;;;;;;;;"f";;"Pocket Pricer Pro";"101";false;1777058811000;1777058811000;1777318011000;1779132411000;1779132411000;1779737211000;;;3;11.960000000000000;"app_store";"US";"t";"101";;"active";"f";;"no_offer";"default";"PURCHASED";"$RCAnonymousID:36b8fb11679e4e9cb8a85d48215393b2";"USD"
"e1533c84";"Pocket Pricer";"appc77c03e0ac";"Pocket Pricer (App Store) (App Store)";1776610124407;1779022223000;"1.5.3";"US";"iOS";"Version 26.4.2 (Build 23E261)";"5.55.1";"en-US,en;q=0.9";;;;;;;;;;;;;;;"f";;"Pocket Pricer Pro";"100";false;1776610182000;1776610182000;1776869382000;1776869382000;;1779461382000;1776874157463;;0;8.990000000000000;"app_store";"US";"f";"100";;"cancelled";"f";;"no_offer";;"PURCHASED";"hw_9ACF5577-85B3-45D6-B067-5DCF515CB2C5";"USD"
"e1533c84";"Pocket Pricer";"appc77c03e0ac";"Pocket Pricer (App Store) (App Store)";1776677445021;1777829754000;"1.4.0";"US";"iOS";"Version 26.3.1 (a) (Build 23D771330a)";"5.55.1";"en-US,en;q=0.9";;;;;;;;;;;;;;;"f";;"Pocket Pricer Pro";"101";false;1776677513000;1776677513000;1776936713000;1779355913000;1779355913000;1779960713000;;;4;14.950000000000000;"app_store";"US";"t";"101";;"active";"f";;"no_offer";"default";"PURCHASED";"$RCAnonymousID:58adf81a6a3746539cef742d844d3d31";"USD"
"e1533c84";"Pocket Pricer";"appc77c03e0ac";"Pocket Pricer (App Store) (App Store)";1777137777151;1777916524000;"1.4.0";"US";"iOS";"Version 26.2.1 (Build 23C71)";"5.55.1";"en-US,en;q=0.9";;;;;;;;;;;;;;;"f";;"Pocket Pricer Pro";"100";false;1777137840000;1777137840000;1777397040000;1777397040000;;1779989040000;1777725113894;;0;8.990000000000000;"app_store";"US";"f";"100";;"cancelled";"f";;"no_offer";"default";"PURCHASED";"$RCAnonymousID:84c5bd3d4c5a4c9b833637efdfcd3fb1";"USD"
"e1533c84";"Pocket Pricer";"appc77c03e0ac";"Pocket Pricer (App Store) (App Store)";1777523859092;1779336283000;"1.5.3";"US";"iOS";"Version 26.3.1 (a) (Build 23D771330a)";"5.55.1";"en-US,en;q=0.9";;;;;;;;;;;;;;;"f";;"Pocket Pricer Pro";"101";false;1777524028000;1777524028000;1777783228000;1778992828000;1778992828000;1779597628000;;;2;8.970000000000000;"app_store";"US";"t";"101";;"active";"f";;"no_offer";"default";"PURCHASED";"hw_26C7B5B6-BA27-4F5A-A086-BB01D2BEFCB6";"USD"
"e1533c84";"Pocket Pricer";"appc77c03e0ac";"Pocket Pricer (App Store) (App Store)";1779041711541;1779041721000;"1.5.3";"US";"iOS";"Version 26.0.1 (Build 23A355)";"5.55.1";"en-US,en;q=0.9";;;;;;;;;;;;;;;"f";;"Pocket Pricer Pro";"100";false;1779042575000;1779042575000;1779301775000;1779301775000;;1781980175000;;;0;8.990000000000000;"app_store";"US";"t";"100";;"active";"f";;"no_offer";"default";"PURCHASED";"hw_3F177C7C-4C07-4EA9-ADB3-BA4C82ABD5DB";"USD"
"e1533c84";"Pocket Pricer";"appc77c03e0ac";"Pocket Pricer (App Store) (App Store)";1776215941684;1778375894000;"1.5.3";"US";"iOS";"Version 26.4.2 (Build 23E261)";"5.55.1";"en-US,en;q=0.9";;;;;;;;;;;;;;;"f";;"Pocket Pricer Pro";"103";false;1776530030000;1776530030000;1776789230000;1776789230000;;1808325230000;;;0;59.990000000000002;"app_store";"US";"t";"103";;"active";"f";;"no_offer";;"PURCHASED";"hw_7218A87D-3954-4C19-9E28-28FB7ED0C776";"USD"
"e1533c84";"Pocket Pricer";"appc77c03e0ac";"Pocket Pricer (App Store) (App Store)";1778546766850;1778546774000;"1.5.3";"US";"iOS";"Version 26.4.2 (Build 23E261)";"5.55.1";"en-US,en;q=0.9";;;;;;;;;;;;;;;"f";;"Pocket Pricer Pro";"100";false;1778546832000;1778546832000;1778806032000;1778806032000;;1781484432000;;;0;8.990000000000000;"app_store";"US";"t";"100";;"active";"f";;"no_offer";"default";"PURCHASED";"hw_0384B16B-FD98-4280-B622-5B1978BD058F";"USD"
"e1533c84";"Pocket Pricer";"appc77c03e0ac";"Pocket Pricer (App Store) (App Store)";1778877826279;1779378346000;"1.5.3";"US";"iOS";"Version 26.5 (Build 23F77)";"5.55.1";"en-US,en;q=0.9";;;;;;;;;;;;;;;"f";;"Pocket Pricer Pro";"100";false;1779378403000;1779378403000;1779637603000;1779378403000;;1779637603000;;;0;0.000000000000000;"app_store";"US";"t";"100";;"free_trial";"f";"Free Trial (100)";"free_trial";"default";"PURCHASED";"hw_746E001F-A007-4CFF-A2BF-AEA1B64A3B9E";"USD"
"e1533c84";"Pocket Pricer";"appc77c03e0ac";"Pocket Pricer (App Store) (App Store)";1779281447876;1779379733000;"1.5.3";"US";"iOS";"Version 26.3 (Build 23D127)";"5.55.1";"en-US,en;q=0.9";;;;;;;;;;;;;;;"f";;"Pocket Pricer Pro";"101";false;1779295765000;1779295765000;1779554965000;1779295765000;;1779554965000;1779402451737;1779402451737;0;0.000000000000000;"app_store";"US";"f";"101";;"cancelled_trial";"f";"Free Trial (101)";"free_trial";"default";"PURCHASED";"hw_FB6C71B4-9D33-45FF-A9F8-C2594225761C";"USD"
"e1533c84";"Pocket Pricer";"appc77c03e0ac";"Pocket Pricer (App Store) (App Store)";1777764670023;1778549304000;"1.5.3";"US";"iOS";"Version 26.3 (Build 23D127)";"5.55.1";"en-US,en;q=0.9";;;;;;;;;;;;;;;"f";;"Pocket Pricer Pro";"100";false;1777764720000;1777764720000;1778023920000;1778023920000;;1780702320000;1779315028142;;0;8.990000000000000;"app_store";"US";"f";"100";;"cancelled";"f";;"no_offer";"default";"PURCHASED";"hw_50F64E20-50BA-4ECE-B7E9-800B101573A1";"USD"
"e1533c84";"Pocket Pricer";"appc77c03e0ac";"Pocket Pricer (App Store) (App Store)";1778696482660;1779304246000;"1.5.3";"US";"iOS";"Version 26.4.2 (Build 23E261)";"5.55.1";"en-US,en;q=0.9";;;;;;;;;;;;;;;"f";;"Pocket Pricer Pro";"101";false;1778696508000;1778696508000;1778955708000;1778955708000;;1779560508000;;;0;2.990000000000000;"app_store";"US";"t";"101";;"active";"f";;"no_offer";"default";"PURCHASED";"hw_13C1E288-2DA8-45CE-9661-1C2FC11820D5";"USD"
"e1533c84";"Pocket Pricer";"appc77c03e0ac";"Pocket Pricer (App Store) (App Store)";1777032769577;1779370302000;"1.5.3";"US";"iOS";"Version 26.4.2 (Build 23E261)";"5.55.1";"en-US,en;q=0.9";;;;;;;;;;;;;;;"f";;"Pocket Pricer Pro";"100";false;1777486775000;1777486775000;1777745975000;1777745975000;;1780424375000;;;0;8.990000000000000;"app_store";"US";"t";"100";;"active";"f";;"no_offer";"default";"PURCHASED";"hw_2244581D-CDA1-4103-99F0-EF312D588AD8";"USD"
"e1533c84";"Pocket Pricer";"appc77c03e0ac";"Pocket Pricer (App Store) (App Store)";1779402261122;1779402267000;"1.5.3";"US";"iOS";"Version 26.5 (Build 23F77)";"5.55.1";"en-US,en;q=0.9";;;;;;;;;;;;;;;"f";;"Pocket Pricer Pro";"101";false;1779402312000;1779402312000;1779661512000;1779402312000;;1779661512000;;;0;0.000000000000000;"app_store";"US";"t";"101";;"free_trial";"f";"Free Trial (101)";"free_trial";"default";"PURCHASED";"hw_BC08803A-E86B-4F68-999D-F6D80005FE29";"USD"
"e1533c84";"Pocket Pricer";"appc77c03e0ac";"Pocket Pricer (App Store) (App Store)";1774308785524;1779332935000;"1.5.3";"US";"iOS";"Version 18.3.2 (Build 22D82)";"5.55.1";"en-US,en;q=0.9";;;;;;;;;;;;;;;"f";;"Pocket Pricer Pro";"101";false;1774536951000;1774536951000;1774796151000;1778857867000;;1779462667000;1779298264017;;0;2.990000000000000;"app_store";"US";"f";"100,101";;"cancelled";"f";;"no_offer";;"PURCHASED";"hw_F575CCE7-352C-49B0-8ADD-74FFB30D368F";"USD"
"e1533c84";"Pocket Pricer";"appc77c03e0ac";"Pocket Pricer (App Store) (App Store)";1777141555345;1778166464000;"1.5.3";"US";"iOS";"Version 18.0 (Build 22A3354)";"5.55.1";"en-US,en;q=0.9";;;;;;;;;;;;;;;"f";;"Pocket Pricer Pro";"103";false;1778166625000;1778166625000;1778425825000;1778425825000;;1809961825000;;;0;59.990000000000002;"app_store";"US";"t";"103";;"active";"f";;"no_offer";;"PURCHASED";"hw_48FEF733-0A2A-4CD2-9321-142568FC2EF5";"USD"
"e1533c84";"Pocket Pricer";"appc77c03e0ac";"Pocket Pricer (App Store) (App Store)";1773978221130;1778280332000;"1.3.2";"US";"iOS";"Version 26.3.1 (Build 23D8133)";"5.55.1";"en-US,en;q=0.9";;;;;;;;;;;;;;;"f";;"Pocket Pricer Pro";"100";false;1774225422000;1774225422000;1774484622000;1777163022000;1777163022000;1779755022000;;;1;17.980000000000000;"app_store";"US";"t";"100";;"active";"f";;"no_offer";"default";"PURCHASED";"$RCAnonymousID:7339a3de85114e22931ce871ee1829e5";"USD"
"e1533c84";"Pocket Pricer";"appc77c03e0ac";"Pocket Pricer (App Store) (App Store)";1777694390257;1778324674000;"1.5.3";"US";"iOS";"Version 26.4.2 (Build 23E261)";"5.55.1";"en-US,en;q=0.9";;;;;;;;;;;;;;;"f";;"Pocket Pricer Pro";"100";false;1777694434000;1777694434000;1777953634000;1777953634000;;1780632034000;1778717174804;;0;8.990000000000000;"app_store";"US";"f";"100";;"cancelled";"f";;"no_offer";"default";"PURCHASED";"hw_1BFCD3DA-B549-46F6-B5D1-C6807C0265DC";"USD"
"e1533c84";"Pocket Pricer";"appc77c03e0ac";"Pocket Pricer (App Store) (App Store)";1778155023235;1778195857000;"1.5.3";"US";"iOS";"Version 26.4.2 (Build 23E261)";"5.55.1";"en-US,en;q=0.9";;;;;;;;;;;;;;;"f";;"Pocket Pricer Pro";"100";false;1778195997000;1778195997000;1778455197000;1778455197000;;1781133597000;;;0;8.990000000000000;"app_store";"US";"t";"100";;"active";"f";;"no_offer";"default";"PURCHASED";"hw_63D181B9-04B4-410B-8387-EBEFB7FDFEDD";"USD"
"e1533c84";"Pocket Pricer";"appc77c03e0ac";"Pocket Pricer (App Store) (App Store)";1777209719095;1777485486000;"1.4.0";"US";"iOS";"Version 26.2.1 (Build 23C71)";"5.55.1";"en-US,en;q=0.9";;;;;;;;;;;;;;;"f";;"Pocket Pricer Pro";"100";false;1777209778000;1777209778000;1777468978000;1777468978000;;1780060978000;1777596357208;;0;8.990000000000000;"app_store";"US";"f";"100";;"cancelled";"f";;"no_offer";"default";"PURCHASED";"$RCAnonymousID:d64d8735a1264e1880b92a8f51436124";"USD"
"e1533c84";"Pocket Pricer";"appc77c03e0ac";"Pocket Pricer (App Store) (App Store)";1773876816192;1775516963000;"1.4.0";"CA";"iOS";"Version 26.2.1 (Build 23C71)";"5.55.1";"en-CA,en-US;q=0.9,en;q=0.8";;;;;;;;;;;;;;;"f";;"Pocket Pricer Pro";"100";false;1774309100000;1774309100000;1774568300000;1777295762000;1777295762000;1779887762000;;;1;17.421645030329692;"app_store";"CA";"t";"100";;"active";"f";;"no_offer";"default";"PURCHASED";"$RCAnonymousID:fecca8f10bf342809ce9f44f4428eea6";"USD"
"e1533c84";"Pocket Pricer";"appc77c03e0ac";"Pocket Pricer (App Store) (App Store)";1778916745873;1779267737000;"1.5.3";"US";"iOS";"Version 26.5 (Build 23F77)";"5.55.1";"en-US,en;q=0.9";;;;;;;;;;;;;;;"f";;"Pocket Pricer Pro";"100";false;1778917088000;1778917088000;1779176288000;1779176288000;;1781854688000;;;0;8.990000000000000;"app_store";"US";"t";"100";;"active";"f";;"no_offer";"default";"PURCHASED";"hw_FB4F021E-218D-4D21-A4C5-C3287086BDAF";"USD"
"e1533c84";"Pocket Pricer";"appc77c03e0ac";"Pocket Pricer (App Store) (App Store)";1777912846240;1778097975000;"1.4.0";"US";"iOS";"Version 26.3 (Build 23D127)";"5.55.1";"en-US,en;q=0.9";;;;;;;;;;;;;;;"f";;"Pocket Pricer Pro";"101";false;1778010936000;1778010936000;1778270136000;1778874936000;1778874936000;1779479736000;;;1;5.980000000000000;"app_store";"US";"t";"101";;"active";"f";;"no_offer";"default";"PURCHASED";"$RCAnonymousID:32c639d24f2545eda52cd0153ab1b16b";"USD"
"e1533c84";"Pocket Pricer";"appc77c03e0ac";"Pocket Pricer (App Store) (App Store)";1775168646414;1775168657000;"1.4.0";"US";"iOS";"Version 26.3.1 (a) (Build 23D771330a)";"5.55.1";"en-US,en;q=0.9";;;;;;;;;;;;;;;"f";;"Pocket Pricer Pro";"100";false;1775168715000;1775168715000;1775427915000;1778019915000;1778019915000;1780698315000;;;1;17.980000000000000;"app_store";"US";"t";"100";;"active";"f";;"no_offer";"default";"PURCHASED";"$RCAnonymousID:4e397efedd364aa5bd2a69face455f29";"USD"
"e1533c84";"Pocket Pricer";"appc77c03e0ac";"Pocket Pricer (App Store) (App Store)";1777224735790;1777951065000;"1.4.0";"US";"iOS";"Version 26.4.2 (Build 23E261)";"5.55.1";"en-US,en;q=0.9";;;;;;;;;;;;;;;"f";;"Pocket Pricer Pro";"100";false;1777224795000;1777224795000;1777483995000;1777483995000;;1780075995000;;;0;8.990000000000000;"app_store";"US";"t";"100";;"active";"f";;"no_offer";"default";"PURCHASED";"$RCAnonymousID:89cc80425b814c8c94c888b27a5349b2";"USD"
"e1533c84";"Pocket Pricer";"appc77c03e0ac";"Pocket Pricer (App Store) (App Store)";1778963445538;1778963449000;"1.5.3";"US";"iOS";"Version 26.4.2 (Build 23E261)";"5.55.1";"en-US,en;q=0.9";;;;;;;;;;;;;;;"f";;"Pocket Pricer Pro";"100";false;1778963511000;1778963511000;1779222711000;1779222711000;;1781901111000;1779337264774;;0;8.990000000000000;"app_store";"US";"f";"100";;"cancelled";"f";;"no_offer";"default";"PURCHASED";"hw_95FD60E7-74F0-4F90-A5E7-0EC1AF655434";"USD"
"e1533c84";"Pocket Pricer";"appc77c03e0ac";"Pocket Pricer (App Store) (App Store)";1773789690458;1775000007000;"1.4.0";"CA";"iOS";"Version 26.3.1 (a) (Build 23D771330a)";"5.55.1";"en-CA,en-US;q=0.9,en;q=0.8";;;;;;;;;;;;;;;"f";;"Pocket Pricer Pro";"100";false;1773796019000;1773796019000;1774055219000;1777627077000;1777627077000;1780305477000;;;1;17.455890297559666;"app_store";"CA";"t";"100";;"active";"f";;"no_offer";"default";"PURCHASED";"$RCAnonymousID:a42f9908044a49169a7e61d353396931";"USD"
"e1533c84";"Pocket Pricer";"appc77c03e0ac";"Pocket Pricer (App Store) (App Store)";1777492693438;1778600179000;"1.5.3";"US";"iOS";"Version 26.4.2 (Build 23E261)";"5.55.1";"en-US,en;q=0.9";;;;;;;;;;;;;;;"f";;"Pocket Pricer Pro";"101";false;1778600223000;1778600223000;1778859423000;1778859423000;;1779464223000;1779301220053;;0;2.990000000000000;"app_store";"US";"f";"101";;"cancelled";"f";;"no_offer";"default";"PURCHASED";"hw_2BB1C660-05F1-4EB6-98B8-9F66852CBD31";"USD"
"e1533c84";"Pocket Pricer";"appc77c03e0ac";"Pocket Pricer (App Store) (App Store)";1777574311886;1778712567000;"1.5.3";"US";"iOS";"Version 18.7.1 (Build 22H31)";"5.55.1";"en-US,en;q=0.9";;;;;;;;;;;;;;;"f";;"Pocket Pricer Pro";"100";false;1777574485000;1777574485000;1777833685000;1777833685000;;1780512085000;;;0;8.990000000000000;"app_store";"US";"t";"100";;"active";"f";;"no_offer";;"PURCHASED";"hw_A4CAD6A4-AAD9-452B-BB30-3D6AED9FABA3";"USD"
"e1533c84";"Pocket Pricer";"appc77c03e0ac";"Pocket Pricer (App Store) (App Store)";1777228312624;1777314451000;"1.4.0";"US";"iOS";"Version 26.3.1 (a) (Build 23D771330a)";"5.55.1";"en-US,en;q=0.9";;;;;;;;;;;;;;;"f";;"Pocket Pricer Pro";"101";false;1777228538000;1777228538000;1777487738000;1779302138000;1779302138000;1779906938000;;;3;11.960000000000000;"app_store";"US";"t";"101";;"active";"f";;"no_offer";"default";"PURCHASED";"$RCAnonymousID:16b2a28d2c3f47cfb13bafcac3104137";"USD"
"e1533c84";"Pocket Pricer";"appc77c03e0ac";"Pocket Pricer (App Store) (App Store)";1777126530304;1778012207000;"1.4.0";"US";"iOS";"Version 26.5 (Build 23F5069b)";"5.55.1";"en-US,en;q=0.9";;;;;;;;;;;;;;;"f";;"Pocket Pricer Pro";"103";false;1777127175000;1777127175000;1777386375000;1777386375000;;1808922375000;;;0;59.990000000000002;"app_store";"US";"t";"103";;"active";"f";;"no_offer";"default";"PURCHASED";"$RCAnonymousID:278430f9985e4e2ebe44d1f0fe605e4a";"USD"
"e1533c84";"Pocket Pricer";"appc77c03e0ac";"Pocket Pricer (App Store) (App Store)";1776600881692;1776984565000;"1.4.0";"US";"iOS";"Version 26.2.1 (Build 23C71)";"5.55.1";"en-US,en;q=0.9";;;;;;;;;;;;;;;"f";;"Pocket Pricer Pro";"100";false;1776600973000;1776600973000;1776860173000;1776907091000;;1779499091000;;;0;8.990000000000000;"app_store";"US";"t";"100";;"active";"f";;"no_offer";"default";"PURCHASED";"$RCAnonymousID:3b7089051a274b07b023d178448d6f17";"USD"
"e1533c84";"Pocket Pricer";"appc77c03e0ac";"Pocket Pricer (App Store) (App Store)";1776366472461;1776607025000;"1.4.0";"US";"iOS";"Version 26.3.1 (a) (Build 23D771330a)";"5.55.1";"en-US,en;q=0.9";;;;;;;;;;;;;;;"f";;"Pocket Pricer Pro";"101";false;1776366526000;1776366526000;1776625726000;1779044926000;1779044926000;1779649726000;;;4;14.950000000000000;"app_store";"US";"t";"101";;"active";"f";;"no_offer";"default";"PURCHASED";"$RCAnonymousID:a9982b1c22244d2d9f71a3f69f305694";"USD"
"e1533c84";"Pocket Pricer";"appc77c03e0ac";"Pocket Pricer (App Store) (App Store)";1777233074862;1777233081000;"1.4.0";"US";"iOS";"Version 26.0 (Build 23A341)";"5.55.1";"en-US,en;q=0.9";;;;;;;;;;;;;;;"f";;"Pocket Pricer Pro";"100";false;1777233806000;1777233806000;1777493006000;1777493006000;;1780085006000;1779359631857;;0;8.990000000000000;"app_store";"US";"f";"100";;"cancelled";"f";;"no_offer";"default";"PURCHASED";"$RCAnonymousID:148c4ce868af4d21a3086b9ce0a7d42f";"USD"
"e1533c84";"Pocket Pricer";"appc77c03e0ac";"Pocket Pricer (App Store) (App Store)";1775095850810;1778896535000;"1.5.3";"US";"iOS";"Version 26.4.2 (Build 23E261)";"5.55.1";"en-US,en;q=0.9";;;;;;;;;;;;;;;"f";;"Pocket Pricer Pro";"101";false;1778896552000;1778896552000;1779155752000;1779155752000;;1779760552000;;;0;2.990000000000000;"app_store";"US";"t";"101";;"active";"f";;"no_offer";"default";"PURCHASED";"hw_AC3DDE74-2579-4B08-8FD2-EA82717D5190";"USD"
"e1533c84";"Pocket Pricer";"appc77c03e0ac";"Pocket Pricer (App Store) (App Store)";1773891751868;1775331704000;"1.4.0";"US";"iOS";"Version 26.3.1 (Build 23D8133)";"5.55.1";"en-US,en;q=0.9";;;;;;;;;;;;;;;"f";;"Pocket Pricer Pro";"100";false;1773931930000;1773931930000;1774191130000;1776869530000;1776869530000;1779461530000;;;1;17.980000000000000;"app_store";"US";"t";"100";;"active";"f";;"no_offer";"default";"PURCHASED";"$RCAnonymousID:223b1d8fb12f4430b265f0434867df58";"USD"
"e1533c84";"Pocket Pricer";"appc77c03e0ac";"Pocket Pricer (App Store) (App Store)";1776842625563;1777928743000;"1.4.0";"US";"iOS";"Version 26.4 (Build 23E246)";"5.55.1";"en-US,en;q=0.9";;;;;;;;;;;;;;;"f";;"Pocket Pricer Pro";"100";false;1776842696000;1776842696000;1777101896000;1777101896000;;1779693896000;1777644045618;;0;8.990000000000000;"app_store";"US";"f";"100";;"cancelled";"f";;"no_offer";"default";"PURCHASED";"$RCAnonymousID:4a32815066ea44dbb49154cf6fa014c7";"USD"
"e1533c84";"Pocket Pricer";"appc77c03e0ac";"Pocket Pricer (App Store) (App Store)";1778034990523;1779299000000;"1.5.3";"US";"iOS";"Version 26.4.2 (Build 23E261)";"5.55.1";"en-US,en;q=0.9";;;;;;;;;;;;;;;"f";;"Pocket Pricer Pro";"101";false;1778035532000;1778035532000;1778294732000;1778899532000;1778899532000;1779504332000;;;1;5.980000000000000;"app_store";"US";"t";"101";;"active";"f";;"no_offer";"default";"PURCHASED";"hw_7799A0BD-AACD-41D3-9279-DAE384307ABD";"USD"
"e1533c84";"Pocket Pricer";"appc77c03e0ac";"Pocket Pricer (App Store) (App Store)";1774270518642;1776638847000;"1.4.0";"US";"iOS";"Version 26.3.1 (Build 23D8133)";"5.55.1";"en-US,en;q=0.9";;;;;;;;;;;;;;;"f";;"Pocket Pricer Pro";"100";false;1774270802000;1774270802000;1774530002000;1777208402000;1777208402000;1779800402000;;;1;17.980000000000000;"app_store";"US";"t";"100";;"active";"f";;"no_offer";"default";"PURCHASED";"$RCAnonymousID:6510f0da28d04ff69d467d739692e0d7";"USD"
"e1533c84";"Pocket Pricer";"appc77c03e0ac";"Pocket Pricer (App Store) (App Store)";1773187346848;1774099801000;"1.3.2";"US";"iOS";"Version 26.2.1 (Build 23C71)";"5.55.1";"en-US,en;q=0.9";;;;;;;;;;;;;;;"f";;"Pocket Pricer Pro";"100";false;1773187402000;;;1778457802000;1778457802000;1781136202000;;;2;26.970000000000000;"app_store";"US";"t";"100";;"active";"f";;"no_offer";"default";"PURCHASED";"$RCAnonymousID:1381a0638bea4a95a8bb2ac9f324f100";"USD"
"e1533c84";"Pocket Pricer";"appc77c03e0ac";"Pocket Pricer (App Store) (App Store)";1778630058068;1779239964000;"1.5.3";"US";"iOS";"Version 26.4.2 (Build 23E261)";"5.55.1";"en-US,en;q=0.9";;;;;;;;;;;;;;;"f";;"Pocket Pricer Pro";"100";false;1778796807000;1778796807000;1779056007000;1779056007000;;1781734407000;;;0;8.990000000000000;"app_store";"US";"t";"100";;"active";"f";;"no_offer";"default";"PURCHASED";"hw_88163C26-7DDD-4D8F-9086-2DC01E1E92D3";"USD"
"e1533c84";"Pocket Pricer";"appc77c03e0ac";"Pocket Pricer (App Store) (App Store)";1777582157474;1779380247000;"1.5.3";"US";"iOS";"Version 26.4.2 (Build 23E261)";"5.55.1";"en-US,en;q=0.9";;;;;;;;;;;;;;;"f";;"Pocket Pricer Pro";"101";false;1777582212000;1777582212000;1777841412000;1779051012000;1779051012000;1779655812000;;;2;8.970000000000000;"app_store";"US";"t";"101";;"active";"f";;"no_offer";"default";"PURCHASED";"hw_0ABFDB02-FD65-4824-AFC3-02BA149636A2";"USD"
"e1533c84";"Pocket Pricer";"appc77c03e0ac";"Pocket Pricer (App Store) (App Store)";1777870254664;1778078211000;"1.4.0";"US";"iOS";"Version 26.4.2 (Build 23E261)";"5.55.1";"en-US,en;q=0.9";;;;;;;;;;;;;;;"f";;"Pocket Pricer Pro";"101";false;1777891086000;1777891086000;1778150286000;1778755086000;1778755086000;1779619086000;;;1;5.980000000000000;"app_store";"US";"t";"101";1779362880205;"billing_issue";"f";;"no_offer";"default";"PURCHASED";"$RCAnonymousID:ff32f3a3bf6c4e99af17dd59047ba99a";"USD"
"e1533c84";"Pocket Pricer";"appc77c03e0ac";"Pocket Pricer (App Store) (App Store)";1778760994219;1779111405000;"1.5.3";"US";"iOS";"Version 18.7.7 (Build 22H340)";"5.55.1";"en-US,en;q=0.9";;;;;;;;;;;;;;;"f";;"Pocket Pricer Pro";"100";false;1778761081000;1778761081000;1779020281000;1779020281000;;1781698681000;;;0;8.990000000000000;"app_store";"US";"t";"100";;"active";"f";;"no_offer";;"PURCHASED";"hw_F67A03EA-8E6F-4D37-80FB-4453A1153B16";"USD"
"e1533c84";"Pocket Pricer";"appc77c03e0ac";"Pocket Pricer (App Store) (App Store)";1776605823560;1778557539000;"1.5.3";"US";"iOS";"Version 26.4.2 (Build 23E261)";"5.55.1";"en-US,en;q=0.9";;;;;;;;;;;;;;;"f";;"Pocket Pricer Pro";"100";false;1776605866000;1776605866000;1776865066000;1776865066000;;1779457066000;1778597657451;;0;8.990000000000000;"app_store";"US";"f";"100";;"cancelled";"f";;"no_offer";"default";"PURCHASED";"hw_788BA75F-0AD8-41A3-8E2A-04B7F2517860";"USD"
"e1533c84";"Pocket Pricer";"appc77c03e0ac";"Pocket Pricer (App Store) (App Store)";1779406030910;1779407122000;"1.5.3";"US";"iOS";"Version 26.4.2 (Build 23E261)";"5.55.1";"en-US,en;q=0.9";;;;;;;;;;;;;;;"f";;"Pocket Pricer Pro";"103";false;1779407367000;1779407367000;1779666567000;1779407367000;;1779666567000;;;0;0.000000000000000;"app_store";"US";"t";"103";;"free_trial";"f";"Free Trial (103)";"free_trial";"default";"PURCHASED";"hw_09D83B51-6994-4769-B017-A9CB66B8E2E6";"USD"
"e1533c84";"Pocket Pricer";"appc77c03e0ac";"Pocket Pricer (App Store) (App Store)";1776710035351;1777466562000;"1.4.0";"US";"iOS";"Version 26.3.1 (a) (Build 23D771330a)";"5.55.1";"en-US,en;q=0.9";;;;;;;;;;;;;;;"f";;"Pocket Pricer Pro";"100";false;1776816764000;1776816764000;1777075964000;1777075964000;;1779667964000;;;0;8.990000000000000;"app_store";"US";"t";"100";;"active";"f";;"no_offer";"default";"PURCHASED";"$RCAnonymousID:637cad16106148e1a4cc02374f7e8e3a";"USD"
"e1533c84";"Pocket Pricer";"appc77c03e0ac";"Pocket Pricer (App Store) (App Store)";1777137477609;1779397565000;"1.5.3";"US";"iOS";"Version 26.4.2 (Build 23E261)";"5.55.1";"en-US,en;q=0.9";;;;;;;;;;;;;;;"f";;"Pocket Pricer Pro";"100";false;1778100131000;1778100131000;1778359331000;1778359331000;;1781037731000;1778476700103;;0;8.990000000000000;"app_store";"US";"f";"100";;"cancelled";"f";;"no_offer";"default";"PURCHASED";"hw_B6BF36F4-9549-4393-B2E3-82DC4147EC61";"USD"
"e1533c84";"Pocket Pricer";"appc77c03e0ac";"Pocket Pricer (App Store) (App Store)";1777219461434;1778945370000;"1.5.3";"US";"iOS";"Version 26.4.2 (Build 23E261)";"5.55.1";"en-US,en;q=0.9";;;;;;;;;;;;;;;"f";;"Pocket Pricer Pro";"100";false;1777219498000;1777219498000;1777478698000;1777478698000;;1780070698000;;;0;8.990000000000000;"app_store";"US";"t";"100";;"active";"f";;"no_offer";"default";"PURCHASED";"hw_8C25E6EB-567C-48BB-B367-2FBE8E42C000";"USD"
"e1533c84";"Pocket Pricer";"appc77c03e0ac";"Pocket Pricer (App Store) (App Store)";1775342928017;1775587806000;"1.4.0";"US";"iOS";"Version 26.4 (Build 23E246)";"5.55.1";"en-US,en;q=0.9";;;;;;;;;;;;;;;"f";;"Pocket Pricer Pro";"100";false;1775342983000;1775342983000;1775602183000;1777900783000;;1780579183000;1778211781661;;0;8.990000000000000;"app_store";"US";"f";"100";;"cancelled";"f";;"no_offer";"default";"PURCHASED";"$RCAnonymousID:13ca59b6008e48de9e539017abfe546a";"USD"
"e1533c84";"Pocket Pricer";"appc77c03e0ac";"Pocket Pricer (App Store) (App Store)";1774959094576;1777006383000;"1.4.0";"US";"iOS";"Version 26.3.1 (a) (Build 23D771330a)";"5.55.1";"en-US,en;q=0.9";;;;;;;;;;;;;;;"f";;"Pocket Pricer Pro";"100";false;1776306357000;1776306357000;1776565557000;1779157557000;1779157557000;1781835957000;;;1;17.980000000000000;"app_store";"US";"t";"100";;"active";"f";;"no_offer";"default";"PURCHASED";"$RCAnonymousID:e5726f08151c445096aa8701654e0139";"USD"
"e1533c84";"Pocket Pricer";"appc77c03e0ac";"Pocket Pricer (App Store) (App Store)";1779282471282;1779390248000;"1.5.3";"US";"iOS";"Version 26.3.1 (Build 23D8133)";"5.55.1";"en-US,en;q=0.9";;;;;;;;;;;;;;;"f";;"Pocket Pricer Pro";"100";false;1779282598000;1779282598000;1779541798000;1779282598000;;1779541798000;;;0;0.000000000000000;"app_store";"US";"t";"100";;"free_trial";"f";"Free Trial (100)";"free_trial";"default";"PURCHASED";"hw_26F360A4-37D2-4C9F-AD57-30B75EC029F4";"USD"
"e1533c84";"Pocket Pricer";"appc77c03e0ac";"Pocket Pricer (App Store) (App Store)";1777516075658;1777516083000;"1.4.0";"US";"iOS";"Version 26.3.1 (a) (Build 23D771330a)";"5.55.1";"en-US,en;q=0.9";;;;;;;;;;;;;;;"f";;"Pocket Pricer Pro";"100";false;1777516129000;1777516129000;1777775329000;1777775329000;;1780453729000;1778438368071;;0;8.990000000000000;"app_store";"US";"f";"100";;"cancelled";"f";;"no_offer";"default";"PURCHASED";"$RCAnonymousID:b278adb4bbb14259ae7884f4517ae593";"USD"
"e1533c84";"Pocket Pricer";"appc77c03e0ac";"Pocket Pricer (App Store) (App Store)";1776348076290;1777333329000;"1.4.0";"US";"iOS";"Version 26.3.1 (a) (Build 23D771330a)";"5.55.1";"en-US,en;q=0.9";;;;;;;;;;;;;;;"f";;"Pocket Pricer Pro";"101";false;1776348106000;1776348106000;1776607306000;1779026506000;1779026506000;1779631306000;;;4;14.950000000000000;"app_store";"US";"t";"101";;"active";"f";;"no_offer";"default";"PURCHASED";"$RCAnonymousID:b0ef46d9d8414906b6af96d239bd9465";"USD"
"e1533c84";"Pocket Pricer";"appc77c03e0ac";"Pocket Pricer (App Store) (App Store)";1779292082733;1779292116000;"1.5.3";"US";"iOS";"Version 26.4.2 (Build 23E261)";"5.55.1";"en-US,en;q=0.9";;;;;;;;;;;;;;;"f";;"Pocket Pricer Pro";"100";false;1779292461000;1779292461000;1779551661000;1779292461000;;1779551661000;;;0;0.000000000000000;"app_store";"US";"t";"100";;"free_trial";"f";"Free Trial (100)";"free_trial";"default";"PURCHASED";"hw_3F189D01-185C-4288-8B33-4F42D5D28F03";"USD"
"e1533c84";"Pocket Pricer";"appc77c03e0ac";"Pocket Pricer (App Store) (App Store)";1773265451551;1779217823000;"1.5.3";"CA";"iOS";"Version 16.7.15 (Build 20H380)";"5.55.1";"en-CA,en-US;q=0.9,en;q=0.8";;;;;;;;;;;;;;;"f";;"Pocket Pricer Pro";"103";false;1779218509000;1779218509000;1779477709000;1779218509000;;1779477709000;;;0;0.000000000000000;"app_store";"CA";"t";"103";;"free_trial";"f";"Free Trial (103)";"free_trial";"default";"PURCHASED";"hw_6D0E535D-28F8-42E4-BAA0-33FCE7913673";"USD"
"e1533c84";"Pocket Pricer";"appc77c03e0ac";"Pocket Pricer (App Store) (App Store)";1777136322293;1777309843000;"1.4.0";"US";"iOS";"Version 26.3.1 (a) (Build 23D771330a)";"5.55.1";"en-US,en;q=0.9";;;;;;;;;;;;;;;"f";;"Pocket Pricer Pro";"100";false;1777136384000;1777136384000;1777395584000;1777395584000;;1779987584000;;;0;8.990000000000000;"app_store";"US";"t";"100";;"active";"f";;"no_offer";"default";"PURCHASED";"$RCAnonymousID:30d491a27ccc4c70b2a9be87e296745e";"USD"
"e1533c84";"Pocket Pricer";"appc77c03e0ac";"Pocket Pricer (App Store) (App Store)";1776295948352;1776295954000;"1.4.0";"US";"iOS";"Version 26.3 (Build 23D127)";"5.55.1";"en-US,en;q=0.9";;;;;;;;;;;;;;;"f";;"Pocket Pricer Pro";"100";false;1776295997000;1776295997000;1776555197000;1779147197000;1779147197000;1781825597000;;;1;17.980000000000000;"app_store";"US";"t";"100";;"active";"f";;"no_offer";;"PURCHASED";"$RCAnonymousID:abf9b53f3a3d47799a936441dfec221a";"USD"
"e1533c84";"Pocket Pricer";"appc77c03e0ac";"Pocket Pricer (App Store) (App Store)";1779407064830;1779407072000;"1.5.3";"US";"iOS";"Version 26.4.2 (Build 23E261)";"5.55.1";"en-US,en;q=0.9";;;;;;;;;;;;;;;"f";;"Pocket Pricer Pro";"100";false;1779407113000;1779407113000;1779666313000;1779407113000;;1779666313000;;;0;0.000000000000000;"app_store";"US";"t";"100";;"free_trial";"f";"Free Trial (100)";"free_trial";"default";"PURCHASED";"hw_78C9D38B-E2F9-4A91-BEE4-A5FC1498B71C";"USD"
"e1533c84";"Pocket Pricer";"appc77c03e0ac";"Pocket Pricer (App Store) (App Store)";1777333010520;1778619568000;"1.5.3";"US";"iOS";"Version 26.4.2 (Build 23E261)";"5.55.1";"en-US,en;q=0.9";;;;;;;;;;;;;;;"f";;"Pocket Pricer Pro";"100";false;1777333150000;1777333150000;1777592350000;1777592350000;;1780184350000;1778037111751;;0;8.990000000000000;"app_store";"US";"f";"100";;"cancelled";"f";;"no_offer";"default";"PURCHASED";"hw_F9599CDC-6555-4B87-A41E-39A68FD7503C";"USD"
"e1533c84";"Pocket Pricer";"appc77c03e0ac";"Pocket Pricer (App Store) (App Store)";1773840331453;1774143654000;"1.3.2";"US";"iOS";"Version 26.3.1 (Build 23D8133)";"5.55.1";"en-US,en;q=0.9";;;;;;;;;;;;;;;"f";;"Pocket Pricer Pro";"100";false;1773841626000;1773841626000;1774100826000;1779371226000;1779371226000;1782049626000;;;2;26.970000000000000;"app_store";"US";"t";"100";;"active";"f";;"no_offer";"default";"PURCHASED";"$RCAnonymousID:7e443c1be0ff40bab8791d83e33d9290";"USD"
"e1533c84";"Pocket Pricer";"appc77c03e0ac";"Pocket Pricer (App Store) (App Store)";1777586298658;1778207723000;"1.5.3";"US";"iOS";"Version 26.3.1 (a) (Build 23D771330a)";"5.55.1";"en-US,en;q=0.9";;;;;;;;;;;;;;;"f";;"Pocket Pricer Pro";"100";false;1777586333000;1777586333000;1777845533000;1777845533000;;1780523933000;;;0;8.990000000000000;"app_store";"US";"t";"100";;"active";"f";;"no_offer";"default";"PURCHASED";"hw_1BB45819-F74D-444C-A1D5-C61C950A41E9";"USD"
"e1533c84";"Pocket Pricer";"appc77c03e0ac";"Pocket Pricer (App Store) (App Store)";1775412283564;1779293757000;"1.5.3";"US";"iOS";"Version 26.4.2 (Build 23E261)";"5.55.1";"en-US,en;q=0.9";;;;;;;;;;;;;;;"f";;"Pocket Pricer Pro";"103";false;1775522196000;1775522196000;1775781396000;1775950470000;;1807486470000;;;0;59.990000000000002;"app_store";"US";"t";"103";;"active";"f";;"no_offer";"default";"PURCHASED";"hw_C897692C-F47A-4F07-9C2B-ADC96491E276";"USD"
"e1533c84";"Pocket Pricer";"appc77c03e0ac";"Pocket Pricer (App Store) (App Store)";1777601393646;1778519416000;"1.5.3";"US";"iOS";"Version 26.3.1 (a) (Build 23D771330a)";"5.55.1";"en-US,en;q=0.9";;;;;;;;;;;;;;;"f";;"Pocket Pricer Pro";"100";false;1777601434000;1777601434000;1777860634000;1777860634000;;1780539034000;;;0;8.990000000000000;"app_store";"US";"t";"100";;"active";"f";;"no_offer";"default";"PURCHASED";"hw_7403BD81-A421-446E-9CA4-46414E7F4582";"USD"
"e1533c84";"Pocket Pricer";"appc77c03e0ac";"Pocket Pricer (App Store) (App Store)";1777122307249;1779355989000;"1.5.3";"US";"iOS";"Version 26.1 (Build 23B85)";"5.55.1";"en-US,en;q=0.9";;;;;;;;;;;;;;;"f";;"Pocket Pricer Pro";"103";false;1777122394000;1777122394000;1777381594000;1777381594000;;1808917594000;;;0;59.990000000000002;"app_store";"US";"t";"103";;"active";"f";;"no_offer";;"PURCHASED";"hw_0AE773C5-A18E-40CF-8CBF-63723267000E";"USD"
"e1533c84";"Pocket Pricer";"appc77c03e0ac";"Pocket Pricer (App Store) (App Store)";1777120273934;1779388942000;"1.5.3";"US";"iOS";"Version 26.4.2 (Build 23E261)";"5.55.1";"en-US,en;q=0.9";;;;;;;;;;;;;;;"f";;"Pocket Pricer Pro";"103";false;1779039468000;1779039468000;1779298668000;1779298668000;;1810834668000;;;0;59.990000000000002;"app_store";"US";"t";"103";;"active";"f";;"no_offer";"default";"PURCHASED";"hw_500EF413-C95B-4A77-B3A2-69E67143E8E5";"USD"
"e1533c84";"Pocket Pricer";"appc77c03e0ac";"Pocket Pricer (App Store) (App Store)";1778344430852;1779221063000;"1.5.3";"US";"iOS";"Version 18.7.8 (Build 22H352)";"5.55.1";"en-US,en;q=0.9";;;;;;;;;;;;;;;"f";;"Pocket Pricer Pro";"103";false;1778344485000;1778344485000;1778603685000;1778603685000;;1810139685000;;;0;59.990000000000002;"app_store";"US";"t";"103";;"active";"f";;"no_offer";"default";"PURCHASED";"hw_CBB7F98B-731E-410F-974D-D72A68FEF19F";"USD"
"e1533c84";"Pocket Pricer";"appc77c03e0ac";"Pocket Pricer (App Store) (App Store)";1779229157399;1779406981000;"1.5.3";"US";"iOS";"Version 26.4.2 (Build 23E261)";"5.55.1";"en-US,en;q=0.9";;;;;;;;;;;;;;;"f";;"Pocket Pricer Pro";"101";false;1779229203000;1779229203000;1779488403000;1779229203000;;1779488403000;;;0;0.000000000000000;"app_store";"US";"t";"101";;"free_trial";"f";"Free Trial (101)";"free_trial";"default";"PURCHASED";"hw_D6C3F2DE-1D35-4FF9-8AF9-F17C50F936E5";"USD"
"e1533c84";"Pocket Pricer";"appc77c03e0ac";"Pocket Pricer (App Store) (App Store)";1777034240409;1777034247000;"1.4.0";"US";"iOS";"Version 26.3.1 (a) (Build 23D771330a)";"5.55.1";"en-US,en;q=0.9";;;;;;;;;;;;;;;"f";;"Pocket Pricer Pro";"100";false;1777034304000;1777034304000;1777293504000;1777293504000;;1779885504000;1778172440101;;0;8.990000000000000;"app_store";"US";"f";"100";;"cancelled";"f";;"no_offer";"default";"PURCHASED";"$RCAnonymousID:c9fca1b287ac44efb62608ef1097bf5b";"USD"
"e1533c84";"Pocket Pricer";"appc77c03e0ac";"Pocket Pricer (App Store) (App Store)";1774870068702;1778711509000;"1.4.0";"US";"iOS";"Version 26.2 (Build 23C55)";"5.55.1";"en-US,en;q=0.9";;;;;;;;;;;;;;;"f";;"Pocket Pricer Pro";"100";false;1774870299000;1774870299000;1775129499000;1777721499000;1777721499000;1780399899000;;;1;17.980000000000000;"app_store";"US";"t";"100";;"active";"f";;"no_offer";"default";"PURCHASED";"$RCAnonymousID:9c613a665a754341b0a4ca3941a18301";"USD"
"e1533c84";"Pocket Pricer";"appc77c03e0ac";"Pocket Pricer (App Store) (App Store)";1776667272812;1779326686000;"1.5.3";"US";"iOS";"Version 18.6.2 (Build 22G100)";"5.55.1";"en-US,en;q=0.9";;;;;;;;;;;;;;;"f";;"Pocket Pricer Pro";"101";false;1779057643000;1779057643000;1779316843000;1779332236000;;1779937036000;;;0;2.990000000000000;"app_store";"US";"t";"101,100";;"active";"f";;"no_offer";"default";"PURCHASED";"hw_98D8F927-2BA2-4E56-A96B-BB06186D8C6C";"USD"
"e1533c84";"Pocket Pricer";"appc77c03e0ac";"Pocket Pricer (App Store) (App Store)";1775843379782;1776524068000;"1.4.0";"US";"iOS";"Version 26.4.1 (Build 23E254)";"5.55.1";"en-US,en;q=0.9";;;;;;;;;;;;;;;"f";;"Pocket Pricer Pro";"101";false;1775843401000;1775843401000;1776102601000;1779126601000;1779126601000;1779731401000;;;5;17.940000000000000;"app_store";"US";"t";"101";;"active";"f";;"no_offer";"default";"PURCHASED";"$RCAnonymousID:28c810bd0c204977b95d7dd065e210df";"USD"
"e1533c84";"Pocket Pricer";"appc77c03e0ac";"Pocket Pricer (App Store) (App Store)";1776594335974;1778177675000;"1.5.3";"US";"iOS";"Version 26.3.1 (a) (Build 23D771330a)";"5.55.1";"en-US,en;q=0.9";;;;;;;;;;;;;;;"f";;"Pocket Pricer Pro";"103";false;1776594456000;1776594456000;1776853656000;1776853656000;;1808389656000;;;0;59.990000000000002;"app_store";"US";"t";"103";;"active";"f";;"no_offer";;"PURCHASED";"hw_685D6031-E4D4-4DDD-AB6C-84E8B8F5E5F3";"USD"
"e1533c84";"Pocket Pricer";"appc77c03e0ac";"Pocket Pricer (App Store) (App Store)";1778186252294;1778186259000;"1.5.3";"US";"iOS";"Version 26.3.1 (a) (Build 23D771330a)";"5.55.1";"en-US,en;q=0.9";;;;;;;;;;;;;;;"f";;"Pocket Pricer Pro";"100";false;1778186296000;1778186296000;1778445496000;1778445496000;;1781123896000;;;0;8.990000000000000;"app_store";"US";"t";"100";;"active";"f";;"no_offer";"default";"PURCHASED";"hw_1208080A-9869-4449-901A-E2571A4EF303";"USD"
"e1533c84";"Pocket Pricer";"appc77c03e0ac";"Pocket Pricer (App Store) (App Store)";1776656444513;1776777611000;"1.4.0";"US";"iOS";"Version 26.3.1 (a) (Build 23D771330a)";"5.55.1";"en-US,en;q=0.9";;;;;;;;;;;;;;;"f";;"Pocket Pricer Pro";"100";false;1776656787000;1776656787000;1776915987000;1776915987000;;1779507987000;;;0;8.990000000000000;"app_store";"US";"t";"100";;"active";"f";;"no_offer";"default";"PURCHASED";"$RCAnonymousID:7b94268fb9cd4c5a9de5d84f41e9cd1d";"USD"
"e1533c84";"Pocket Pricer";"appc77c03e0ac";"Pocket Pricer (App Store) (App Store)";1776174714774;1779321380000;"1.5.3";"US";"iOS";"Version 26.4.2 (Build 23E261)";"5.55.1";"en-US,en;q=0.9";;;;;;;;;;;;;;;"f";;"Pocket Pricer Pro";"100";false;1776962507000;1776962507000;1777221707000;1777221707000;;1779813707000;;;0;8.990000000000000;"app_store";"US";"t";"100";;"active";"f";;"no_offer";;"PURCHASED";"hw_4963A210-8CE4-4459-B71A-3005ADF2A359";"USD"
"e1533c84";"Pocket Pricer";"appc77c03e0ac";"Pocket Pricer (App Store) (App Store)";1778296131154;1779406073000;"1.5.3";"US";"iOS";"Version 26.5 (Build 23F77)";"5.55.1";"en-US,en;q=0.9";;;;;;;;;;;;;;;"f";;"Pocket Pricer Pro";"100";false;1778699770000;1778699770000;1778958970000;1778958970000;;1781637370000;;;0;8.990000000000000;"app_store";"US";"t";"100";;"active";"f";;"no_offer";"default";"PURCHASED";"hw_7E656636-0DD3-4AA9-8160-02EC036A5EC8";"USD"
"e1533c84";"Pocket Pricer";"appc77c03e0ac";"Pocket Pricer (App Store) (App Store)";1776643781087;1779129808000;"1.5.3";"US";"iOS";"Version 18.7.8 (Build 22H352)";"5.55.1";"es-US,es;q=0.9";;;;;;;;;;;;;;;"f";;"Pocket Pricer Pro";"100";false;1776643810000;1776643810000;1776903010000;1776903010000;;1779495010000;;;0;8.990000000000000;"app_store";"US";"t";"100";;"active";"f";;"no_offer";"default";"PURCHASED";"hw_F90F3365-1720-4E86-980B-59661FEDC3E5";"USD"
"e1533c84";"Pocket Pricer";"appc77c03e0ac";"Pocket Pricer (App Store) (App Store)";1778950879413;1779060189000;"1.5.3";"US";"iOS";"Version 26.4.2 (Build 23E261)";"5.55.1";"en-US,en;q=0.9";;;;;;;;;;;;;;;"f";;"Pocket Pricer Pro";"100";false;1778951172000;1778951172000;1779210372000;1779210372000;;1781888772000;;;0;8.990000000000000;"app_store";"US";"t";"100";;"active";"f";;"no_offer";"default";"PURCHASED";"hw_2FE7672F-C87D-4EED-AADD-B3880F6661E6";"USD"
"e1533c84";"Pocket Pricer";"appc77c03e0ac";"Pocket Pricer (App Store) (App Store)";1774020823034;1775579046000;"1.4.0";"US";"iOS";"Version 26.3.1 (a) (Build 23D771330a)";"5.55.1";"en-US,en;q=0.9";;;;;;;;;;;;;;;"f";;"Pocket Pricer Pro";"100";false;1774021002000;1774021002000;1774280202000;1779118878000;;1781797278000;;;0;8.990000000000000;"app_store";"US";"t";"100";;"active";"f";;"no_offer";"default";"PURCHASED";"$RCAnonymousID:3dff0aec330f4dd2b8b5a4045a1024f2";"USD"
"e1533c84";"Pocket Pricer";"appc77c03e0ac";"Pocket Pricer (App Store) (App Store)";1775920159000;1779060379000;"1.5.3";"US";"iOS";"Version 26.5 (Build 23F77)";"5.55.1";"en-US,en;q=0.9";;;;;;;;;;;;;;;"f";;"Pocket Pricer Pro";"103";false;1775920159000;1775920159000;1776179359000;1776179359000;;1807715359000;1778015410395;;0;59.990000000000002;"app_store";"US";"f";"103";;"cancelled";"f";;"no_offer";"default";"PURCHASED";"hw_1D65BE47-D3FB-4791-9679-854064C5CB5D";"USD"
"e1533c84";"Pocket Pricer";"appc77c03e0ac";"Pocket Pricer (App Store) (App Store)";1775218862972;1777722909000;"1.4.0";"US";"iOS";"Version 26.4.2 (Build 23E261)";"5.55.1";"en-US,en;q=0.9";;;;;;;;;;;;;;;"f";;"Pocket Pricer Pro";"100";false;1775320806000;1775320806000;1775580006000;1778172006000;1778172006000;1780850406000;;;1;17.980000000000000;"app_store";"US";"t";"100";;"active";"f";;"no_offer";"default";"PURCHASED";"$RCAnonymousID:12aaaa909d39480992ec84dbfd1447cf";"USD"
"e1533c84";"Pocket Pricer";"appc77c03e0ac";"Pocket Pricer (App Store) (App Store)";1777050039664;1778420887000;"1.5.3";"US";"iOS";"Version 26.4.2 (Build 23E261)";"5.55.1";"en-US,en;q=0.9";;;;;;;;;;;;;;;"f";;"Pocket Pricer Pro";"101";false;1777050069000;1777050069000;1777309269000;1779123669000;1779123669000;1779728469000;;;3;11.960000000000000;"app_store";"US";"t";"101";;"active";"f";;"no_offer";"default";"PURCHASED";"hw_0B61CE2D-185F-4180-9F81-E1B8DEA2806E";"USD"
"e1533c84";"Pocket Pricer";"appc77c03e0ac";"Pocket Pricer (App Store) (App Store)";1777238140866;1777238146000;"1.4.0";"US";"iOS";"Version 26.3 (Build 23D127)";"5.55.1";"en-US,en;q=0.9";;;;;;;;;;;;;;;"f";;"Pocket Pricer Pro";"100";false;1777238166000;1777238166000;1777497366000;1777497366000;;1780089366000;1778702889685;;0;8.990000000000000;"app_store";"US";"f";"100";;"cancelled";"f";;"no_offer";"default";"PURCHASED";"$RCAnonymousID:1df87450d4f14504ab81ac26348b470a";"USD"
"e1533c84";"Pocket Pricer";"appc77c03e0ac";"Pocket Pricer (App Store) (App Store)";1778645530735;1778645559000;"1.5.3";"US";"iOS";"Version 26.3.1 (Build 23D8133)";"5.55.1";"en-US,en;q=0.9";;;;;;;;;;;;;;;"f";;"Pocket Pricer Pro";"100";false;1778645632000;1778645632000;1778904832000;1778904832000;;1781583232000;;;0;8.990000000000000;"app_store";"US";"t";"100";;"active";"f";;"no_offer";"default";"PURCHASED";"hw_256B8FDC-D675-4888-97B9-07BE4B52B191";"USD"
"e1533c84";"Pocket Pricer";"appc77c03e0ac";"Pocket Pricer (App Store) (App Store)";1777740681461;1778372061000;"1.5.3";"US";"iOS";"Version 26.4.2 (Build 23E261)";"5.55.1";"en-US,en;q=0.9";;;;;;;;;;;;;;;"f";;"Pocket Pricer Pro";"100";false;1778372092000;1778372092000;1778631292000;1778631292000;;1781309692000;;;0;8.990000000000000;"app_store";"US";"t";"100";;"active";"f";;"no_offer";"default";"PURCHASED";"hw_369639A2-1797-4213-BDF6-BC29B4C17E88";"USD"
"e1533c84";"Pocket Pricer";"appc77c03e0ac";"Pocket Pricer (App Store) (App Store)";1776513895909;1777810982000;"1.4.0";"US";"iOS";"Version 26.4.2 (Build 23E261)";"5.55.1";"en-US,en;q=0.9";;;;;;;;;;;;;;;"f";;"Pocket Pricer Pro";"100";false;1776602265000;1776602265000;1776861465000;1776861465000;;1779453465000;;;0;8.990000000000000;"app_store";"US";"t";"100";;"active";"f";;"no_offer";"default";"PURCHASED";"$RCAnonymousID:475a4c2ae6ea4a679d15d7d59fd538d3";"USD"
"e1533c84";"Pocket Pricer";"appc77c03e0ac";"Pocket Pricer (App Store) (App Store)";1775578276094;1777729681000;"1.4.0";"US";"iOS";"Version 18.6.2 (Build 22G100)";"5.55.1";"en-US,en;q=0.9";;;;;;;;;;;;;;;"f";;"Pocket Pricer Pro";"100";false;1775578298000;1775578298000;1775837498000;1778429498000;1778429498000;1781107898000;;;1;17.980000000000000;"app_store";"US";"t";"100";;"active";"f";;"no_offer";;"PURCHASED";"$RCAnonymousID:2124fee72e694752b32577e82abfc6e9";"USD"
"e1533c84";"Pocket Pricer";"appc77c03e0ac";"Pocket Pricer (App Store) (App Store)";1774072419221;1777856076000;"1.4.0";"US";"iOS";"Version 26.4.2 (Build 23E261)";"5.55.1";"en-US,en;q=0.9";;;;;;;;;;;;;;;"f";;"Pocket Pricer Pro";"100";false;1776733448000;1776733448000;1776992648000;1776992648000;;1779584648000;1778084322821;;0;8.990000000000000;"app_store";"US";"f";"100";;"cancelled";"f";;"no_offer";"default";"PURCHASED";"$RCAnonymousID:7947b08b1d774ae8bd49d87a70c39ad6";"USD"
"e1533c84";"Pocket Pricer";"appc77c03e0ac";"Pocket Pricer (App Store) (App Store)";1776779819618;1778123661000;"1.4.0";"US";"iOS";"Version 26.2.1 (Build 23C71)";"5.55.1";"en-US,en;q=0.9";;;;;;;;;;;;;;;"f";;"Pocket Pricer Pro";"100";false;1776779898000;1776779898000;1777039098000;1777039098000;;1779631098000;1777151125257;;0;8.990000000000000;"app_store";"US";"f";"100";;"cancelled";"f";;"no_offer";"default";"PURCHASED";"$RCAnonymousID:185cd6fb74fd4c9ea1b716aeb26f9947";"USD"
"e1533c84";"Pocket Pricer";"appc77c03e0ac";"Pocket Pricer (App Store) (App Store)";1776363915301;1776363926000;"1.4.0";"US";"iOS";"Version 26.3.1 (a) (Build 23D771330a)";"5.55.1";"en-US,en;q=0.9";;;;;;;;;;;;;;;"f";;"Pocket Pricer Pro";"101";false;1776363971000;1776363971000;1776623171000;1779042371000;1779042371000;1779647171000;;;4;14.950000000000000;"app_store";"US";"t";"101";;"active";"f";;"no_offer";"default";"PURCHASED";"$RCAnonymousID:f7685b9c58744e45848747fc28b256ea";"USD"
"e1533c84";"Pocket Pricer";"appc77c03e0ac";"Pocket Pricer (App Store) (App Store)";1776818821470;1777790482000;"1.4.0";"US";"iOS";"Version 26.3 (Build 23D127)";"5.55.1";"en-US,en;q=0.9";;;;;;;;;;;;;;;"f";;"Pocket Pricer Pro";"101";false;1777133355000;1777133355000;1777392555000;1779000150000;1779000150000;1779604950000;;;2;8.970000000000000;"app_store";"US";"t";"100,101";;"active";"f";;"no_offer";"default";"PURCHASED";"$RCAnonymousID:4615a20248964d5285356c27eae7c0c2";"USD"
"e1533c84";"Pocket Pricer";"appc77c03e0ac";"Pocket Pricer (App Store) (App Store)";1774578027240;1779404419000;"1.5.3";"US";"iOS";"Version 26.4.2 (Build 23E261)";"5.55.1";"en-US,en;q=0.9";;;;;;;;;;;;;;;"f";;"Pocket Pricer Pro";"100";false;1775141170000;1775141170000;1775400370000;1777992370000;1777992370000;1780670770000;;;1;17.980000000000000;"app_store";"US";"t";"100";;"active";"f";;"no_offer";"default";"PURCHASED";"hw_D8984840-CDDE-4C2A-9D06-3CB8E2333D90";"USD"
"e1533c84";"Pocket Pricer";"appc77c03e0ac";"Pocket Pricer (App Store) (App Store)";1777213297458;1778242262000;"1.5.3";"US";"iOS";"Version 26.2.1 (Build 23C71)";"5.55.1";"en-US,en;q=0.9";;;;;;;;;;;;;;;"f";;"Pocket Pricer Pro";"101";false;1777213329000;1777213329000;1777472529000;1779286929000;1779286929000;1779891729000;;;3;11.960000000000000;"app_store";"US";"t";"101";;"active";"f";;"no_offer";"default";"PURCHASED";"hw_FDAEFC14-C206-445A-BCBC-557C2932D935";"USD"
"e1533c84";"Pocket Pricer";"appc77c03e0ac";"Pocket Pricer (App Store) (App Store)";1776525055569;1779325543000;"1.5.3";"US";"iOS";"Version 26.4.2 (Build 23E261)";"5.55.1";"en-US,en;q=0.9";;;;;;;;;;;;;;;"f";;"Pocket Pricer Pro";"100";false;1776728261000;1776728261000;1776987461000;1777855993000;;1780534393000;;;0;8.990000000000000;"app_store";"US";"t";"100";;"active";"f";;"no_offer";"default";"PURCHASED";"hw_D71062C1-A80C-4A4B-AB86-B8688C6D0266";"USD"
"e1533c84";"Pocket Pricer";"appc77c03e0ac";"Pocket Pricer (App Store) (App Store)";1776201741243;1776618000000;"1.4.0";"US";"iOS";"Version 26.3.1 (a) (Build 23D771330a)";"5.55.1";"en-US,en;q=0.9";;;;;;;;;;;;;;;"f";;"Pocket Pricer Pro";"100";false;1776202347000;1776202347000;1776461547000;1779053547000;1779053547000;1781731947000;1779395479662;;1;17.980000000000000;"app_store";"US";"f";"100";;"cancelled";"f";;"no_offer";"default";"PURCHASED";"$RCAnonymousID:04077d04777f4b63bb8eb5913a403f38";"USD"
"e1533c84";"Pocket Pricer";"appc77c03e0ac";"Pocket Pricer (App Store) (App Store)";1777264713911;1777264719000;"1.4.0";"US";"iOS";"Version 26.3.1 (Build 23D8133)";"5.55.1";"en-US,en;q=0.9";;;;;;;;;;;;;;;"f";;"Pocket Pricer Pro";"100";false;1777264784000;1777264784000;1777523984000;1777523984000;;1780115984000;;;0;8.990000000000000;"app_store";"US";"t";"100";;"active";"f";;"no_offer";"default";"PURCHASED";"$RCAnonymousID:64c1cee0f20b40ff8e5c7a26cd04e1ca";"USD"
"e1533c84";"Pocket Pricer";"appc77c03e0ac";"Pocket Pricer (App Store) (App Store)";1774713885961;1778968422000;"1.5.3";"US";"iOS";"Version 26.5 (Build 23F77)";"5.55.1";"en-US,en;q=0.9";;;;;;;;;;;;;;;"f";;"Pocket Pricer Pro";"100";false;1774714044000;1774714044000;1774973244000;1777565244000;1777565244000;1780243644000;;;1;17.980000000000000;"app_store";"US";"t";"100";;"active";"f";;"no_offer";"default";"PURCHASED";"hw_EBC34AAD-6ABD-4D31-8B8B-3BD9B3601B77";"USD"
"e1533c84";"Pocket Pricer";"appc77c03e0ac";"Pocket Pricer (App Store) (App Store)";1773057066346;1779311148000;"1.5.3";"US";"iOS";"Version 26.4.2 (Build 23E261)";"5.55.1";"en-US,en;q=0.9";;;;;;;;;;;;;;;"f";;"Pocket Pricer Pro";"100";false;1774009576000;1774009576000;1774268776000;1777142943000;1777142943000;1779734943000;;;1;17.980000000000000;"app_store";"US";"t";"100";;"active";"f";;"no_offer";"default";"PURCHASED";"hw_83398EF1-4559-4F03-A36D-9D57C26D8C92";"USD"
"e1533c84";"Pocket Pricer";"appc77c03e0ac";"Pocket Pricer (App Store) (App Store)";1773067426541;1779406137000;"1.5.3";"US";"iOS";"Version 26.4.2 (Build 23E261)";"5.55.1";"en-US,en;q=0.9";;;;;;;;;;;;;;;"f";;"Pocket Pricer Pro";"100";false;1773073821000;;1777167087000;1777167087000;;1779759087000;;;0;17.980000000000000;"app_store";"US";"t";"100";;"active";"f";;"no_offer";"default";"PURCHASED";"hw_5D9EC66C-32CB-45C0-8389-8F8FBF38A2B8";"USD"
"e1533c84";"Pocket Pricer";"appc77c03e0ac";"Pocket Pricer (App Store) (App Store)";1774801752669;1775821196000;"1.4.0";"US";"iOS";"Version 26.3.1 (a) (Build 23D771330a)";"5.55.1";"en-US,en;q=0.9";;;;;;;;;;;;;;;"f";;"Pocket Pricer Pro";"100";false;1774801899000;1774801899000;1775061099000;1777653099000;1777653099000;1780331499000;1778201241474;;1;17.980000000000000;"app_store";"US";"f";"100";;"cancelled";"f";;"no_offer";"default";"PURCHASED";"$RCAnonymousID:ba73c9cef47d4441a5efb1c7ce907f07";"USD"
"e1533c84";"Pocket Pricer";"appc77c03e0ac";"Pocket Pricer (App Store) (App Store)";1779350359924;1779350386000;"1.5.3";"US";"iOS";"Version 26.3 (Build 23D127)";"5.55.1";"en-US,en;q=0.9";;;;;;;;;;;;;;;"f";;"Pocket Pricer Pro";"100";false;1779350410000;1779350410000;1779609610000;1779350410000;;1779609610000;;;0;0.000000000000000;"app_store";"US";"t";"100";;"free_trial";"f";"Free Trial (100)";"free_trial";"default";"PURCHASED";"hw_C963403E-8932-4852-B040-BECE46538ED2";"USD"
"e1533c84";"Pocket Pricer";"appc77c03e0ac";"Pocket Pricer (App Store) (App Store)";1778871161805;1779188464000;"1.5.3";"US";"iOS";"Version 17.6.1 (Build 21G93)";"5.55.1";"en-US,en;q=0.9";;;;;;;;;;;;;;;"f";;"Pocket Pricer Pro";"100";false;1778959780000;1778959780000;1779218980000;1779218980000;;1781897380000;1779222174798;;0;8.990000000000000;"app_store";"US";"f";"100";;"cancelled";"f";;"no_offer";;"PURCHASED";"hw_5848708C-2FE3-45EC-95A9-413C906BEACC";"USD"
"e1533c84";"Pocket Pricer";"appc77c03e0ac";"Pocket Pricer (App Store) (App Store)";1776595078355;1776595087000;"1.4.0";"US";"iOS";"Version 26.3.1 (a) (Build 23D771330a)";"5.55.1";"en-US,en;q=0.9";;;;;;;;;;;;;;;"f";;"Pocket Pricer Pro";"101";false;1776595260000;1776595260000;1776854460000;1779273660000;1779273660000;1779878460000;;;4;14.950000000000000;"app_store";"US";"t";"101";;"active";"f";;"no_offer";"default";"PURCHASED";"$RCAnonymousID:d24712ff04114774b3a629fbb20111f1";"USD"
"e1533c84";"Pocket Pricer";"appc77c03e0ac";"Pocket Pricer (App Store) (App Store)";1776229038230;1776716167000;"1.4.0";"US";"iOS";"Version 26.3.1 (Build 23D8133)";"5.55.1";"en-US,en;q=0.9";;;;;;;;;;;;;;;"f";;"Pocket Pricer Pro";"101";false;1776229162000;1776229162000;1776488362000;1778907562000;1778907562000;1779512362000;;;4;14.950000000000000;"app_store";"US";"t";"101";;"active";"f";;"no_offer";"default";"PURCHASED";"$RCAnonymousID:fe366b9d587d418898043288792d5ad9";"USD"
"e1533c84";"Pocket Pricer";"appc77c03e0ac";"Pocket Pricer (App Store) (App Store)";1776305543895;1776305552000;"1.4.0";"US";"iOS";"Version 26.3.1 (Build 23D8133)";"5.55.1";"en-US,en;q=0.9";;;;;;;;;;;;;;;"f";;"Pocket Pricer Pro";"100";false;1776305591000;1776305591000;1776564791000;1779156791000;1779156791000;1781835191000;;;1;17.980000000000000;"app_store";"US";"t";"100";;"active";"f";;"no_offer";"default";"PURCHASED";"$RCAnonymousID:e5a7aea4e5ec4775a60616b6fdceec12";"USD"
"e1533c84";"Pocket Pricer";"appc77c03e0ac";"Pocket Pricer (App Store) (App Store)";1774530717387;1779050198000;"1.5.3";"CA";"iOS";"Version 26.4.2 (Build 23E261)";"5.55.1";"en-CA,en-US;q=0.9,en;q=0.8";;;;;;;;;;;;;;;"f";;"Pocket Pricer Pro";"100";false;1778253133000;1778253133000;1778512333000;1778512333000;;1781190733000;;;0;8.762570159027128;"app_store";"CA";"t";"100";;"active";"f";;"no_offer";"default";"PURCHASED";"hw_5D7AA5F3-5188-40B0-9CFE-9665A4E30DAA";"USD"
"e1533c84";"Pocket Pricer";"appc77c03e0ac";"Pocket Pricer (App Store) (App Store)";1777220180770;1777850186000;"1.4.0";"US";"iOS";"Version 26.3.1 (a) (Build 23D771330a)";"5.55.1";"en-US,en;q=0.9";;;;;;;;;;;;;;;"f";;"Pocket Pricer Pro";"100";false;1777850307000;1777850307000;1778109507000;1778109507000;;1780787907000;;;0;8.990000000000000;"app_store";"US";"t";"100";;"active";"f";;"no_offer";"default";"PURCHASED";"$RCAnonymousID:f072a810f57c4596a21e4df1fe7b7b16";"USD"
"e1533c84";"Pocket Pricer";"appc77c03e0ac";"Pocket Pricer (App Store) (App Store)";1777060592667;1777060601000;"1.4.0";"US";"iOS";"Version 26.3.1 (a) (Build 23D771330a)";"5.55.1";"en-US,en;q=0.9";;;;;;;;;;;;;;;"f";;"Pocket Pricer Pro";"100";false;1777060686000;1777060686000;1777319886000;1777319886000;;1779911886000;;;0;8.990000000000000;"app_store";"US";"t";"100";;"active";"f";;"no_offer";;"PURCHASED";"$RCAnonymousID:12b8827a7e84489194efde78bde4270d";"USD"
"e1533c84";"Pocket Pricer";"appc77c03e0ac";"Pocket Pricer (App Store) (App Store)";1776038410134;1776038418000;"1.4.0";"US";"iOS";"Version 26.3.1 (a) (Build 23D771330a)";"5.55.1";"en-US,en;q=0.9";;;;;;;;;;;;;;;"f";;"Pocket Pricer Pro";"103";false;1776038466000;1776038466000;1776297666000;1776297666000;;1807833666000;;;0;59.990000000000002;"app_store";"US";"t";"103";;"active";"f";;"no_offer";"default";"PURCHASED";"$RCAnonymousID:d30e812c82d647dfb0dbc2a3effae0f4";"USD"
"e1533c84";"Pocket Pricer";"appc77c03e0ac";"Pocket Pricer (App Store) (App Store)";1777145941752;1777145947000;"1.4.0";"US";"iOS";"Version 26.3.1 (a) (Build 23D771330a)";"5.55.1";"en-US,en;q=0.9";;;;;;;;;;;;;;;"f";;"Pocket Pricer Pro";"100";false;1777158206000;1777158206000;1777417406000;1777417406000;;1780009406000;;;0;8.990000000000000;"app_store";"US";"t";"100";;"active";"f";;"no_offer";"default";"PURCHASED";"$RCAnonymousID:1354d0517b544a2b85d1d00d7dadc2fe";"USD"
"e1533c84";"Pocket Pricer";"appc77c03e0ac";"Pocket Pricer (App Store) (App Store)";1773615624586;1778075877000;"1.4.0";"US";"iOS";"Version 26.3.1 (Build 23D8133)";"5.55.1";"en-US,en;q=0.9";;;;;;;;;;;;;;;"f";;"Pocket Pricer Pro";"100";false;1774055387000;1774055387000;1774314587000;1776992987000;1776992987000;1779584987000;1778191182526;;1;17.980000000000000;"app_store";"US";"f";"100";;"cancelled";"f";;"no_offer";"default";"PURCHASED";"$RCAnonymousID:675d4cd4411b462ea2a93885b8e8dc8f";"USD"
"e1533c84";"Pocket Pricer";"appc77c03e0ac";"Pocket Pricer (App Store) (App Store)";1774213587435;1779038822000;"1.5.3";"US";"iOS";"Version 26.4.2 (Build 23E261)";"5.55.1";"en-US,en;q=0.9";;;;;;;;;;;;;;;"f";;"Pocket Pricer Pro";"100";false;1779038841000;1779038841000;1779298041000;1779298041000;;1781976441000;;;0;8.990000000000000;"app_store";"US";"t";"100";;"active";"f";;"no_offer";"default";"PURCHASED";"hw_DFC00A16-D45D-496A-9E73-2C29F48F4F65";"USD"
"e1533c84";"Pocket Pricer";"appc77c03e0ac";"Pocket Pricer (App Store) (App Store)";1775912792817;1777337504000;"1.4.0";"US";"iOS";"Version 26.3 (Build 23D127)";"5.55.1";"en-US,en;q=0.9";;;;;;;;;;;;;;;"f";;"Pocket Pricer Pro";"103";false;1775922636000;1775922636000;1776181836000;1776181836000;;1807717836000;;;0;59.990000000000002;"app_store";"US";"t";"103";;"active";"f";;"no_offer";"default";"PURCHASED";"$RCAnonymousID:a79c24c84f9e497c9d9118a619767925";"USD"
"e1533c84";"Pocket Pricer";"appc77c03e0ac";"Pocket Pricer (App Store) (App Store)";1779244540872;1779244715000;"1.5.3";"US";"iOS";"Version 26.4.2 (Build 23E261)";"5.55.1";"en-US,en;q=0.9";;;;;;;;;;;;;;;"f";;"Pocket Pricer Pro";"101";false;1779244736000;1779244736000;1779503936000;1779244736000;;1779503936000;;;0;0.000000000000000;"app_store";"US";"t";"101";;"free_trial";"f";"Free Trial (101)";"free_trial";"default";"PURCHASED";"hw_49C35512-C858-452A-925C-BB470AE1B9D5";"USD"
"e1533c84";"Pocket Pricer";"appc77c03e0ac";"Pocket Pricer (App Store) (App Store)";1776700825410;1778519069000;"1.5.3";"US";"iOS";"Version 18.7.8 (Build 22H352)";"5.55.1";"en-US,en;q=0.9";;;;;;;;;;;;;;;"f";;"Pocket Pricer Pro";"100";false;1777135512000;1777135512000;1777394712000;1777394712000;;1779986712000;1778704987985;;0;8.990000000000000;"app_store";"US";"f";"100";;"cancelled";"f";;"no_offer";"default";"PURCHASED";"hw_58BC2C3A-87BA-454F-81BD-50C56C372A14";"USD"
"e1533c84";"Pocket Pricer";"appc77c03e0ac";"Pocket Pricer (App Store) (App Store)";1776016179904;1776016190000;"1.4.0";"US";"iOS";"Version 26.3.1 (a) (Build 23D771330a)";"5.55.1";"en-US,en;q=0.9";;;;;;;;;;;;;;;"f";;"Pocket Pricer Pro";"100";false;1776016228000;1776016228000;1776275428000;1778867428000;1778867428000;1781545828000;;;1;17.980000000000000;"app_store";"US";"t";"100";;"active";"f";;"no_offer";"default";"PURCHASED";"$RCAnonymousID:b20a94d0591c46f78aca40d55b7b9e05";"USD"
"e1533c84";"Pocket Pricer";"appc77c03e0ac";"Pocket Pricer (App Store) (App Store)";1778060878531;1778460612000;"1.5.3";"US";"iOS";"Version 26.3.1 (Build 23D8133)";"5.55.1";"en-US,en;q=0.9";;;;;;;;;;;;;;;"f";;"Pocket Pricer Pro";"100";false;1778369701000;1778369701000;1778628901000;1778628901000;;1781307301000;;;0;8.990000000000000;"app_store";"US";"t";"100";;"active";"f";;"no_offer";"default";"PURCHASED";"hw_EB44D0D0-1CC4-44DC-9285-A5E20CED617D";"USD"
"e1533c84";"Pocket Pricer";"appc77c03e0ac";"Pocket Pricer (App Store) (App Store)";1774095474048;1779227937000;"1.4.0";"US";"iOS";"Version 26.3.1 (a) (Build 23D771330a)";"5.55.1";"en-US,en;q=0.9";;;;;;;;;;;;;;;"f";;"Pocket Pricer Pro";"100";false;1774095644000;1774095644000;1774354844000;1777033244000;1777033244000;1779625244000;;;1;17.980000000000000;"app_store";"US";"t";"100";;"active";"f";;"no_offer";"default";"PURCHASED";"$RCAnonymousID:0273a92be11549f289f328e4f1c69042";"USD"
"e1533c84";"Pocket Pricer";"appc77c03e0ac";"Pocket Pricer (App Store) (App Store)";1775060995619;1775320243000;"1.4.0";"US";"iOS";"Version 26.3.1 (a) (Build 23D771330a)";"5.55.1";"en-US,en;q=0.9";;;;;;;;;;;;;;;"f";;"Pocket Pricer Pro";"103";false;1775065823000;1775065823000;1775325023000;1775325023000;;1806861023000;1775436508807;;0;59.990000000000002;"app_store";"US";"f";"103";;"cancelled";"f";;"no_offer";"default";"PURCHASED";"$RCAnonymousID:1af4776b3ed84027b776138503308526";"USD"
"e1533c84";"Pocket Pricer";"appc77c03e0ac";"Pocket Pricer (App Store) (App Store)";1775128618039;1779028874000;"1.5.3";"US";"iOS";"Version 26.3.1 (a) (Build 23D771330a)";"5.55.1";"en-US,en;q=0.9";;;;;;;;;;;;;;;"f";;"Pocket Pricer Pro";"100";false;1775128677000;1775128677000;1775387877000;1777979877000;1777979877000;1780658277000;;;1;17.980000000000000;"app_store";"US";"t";"100";;"active";"f";;"no_offer";"default";"PURCHASED";"hw_A93A9A7A-6DFF-45DD-B8DD-F11844277EBA";"USD"
"e1533c84";"Pocket Pricer";"appc77c03e0ac";"Pocket Pricer (App Store) (App Store)";1777093162012;1777408308000;"1.4.0";"US";"iOS";"Version 26.4.2 (Build 23E261)";"5.55.1";"en-US,en;q=0.9";;;;;;;;;;;;;;;"f";;"Pocket Pricer Pro";"100";false;1777408342000;1777408342000;1777667542000;1777667542000;;1780345942000;1778222039817;;0;8.990000000000000;"app_store";"US";"f";"100";;"cancelled";"f";;"no_offer";"default";"PURCHASED";"$RCAnonymousID:c086096ec17e4b6d9b893245b6dcb630";"USD"
"e1533c84";"Pocket Pricer";"appc77c03e0ac";"Pocket Pricer (App Store) (App Store)";1776884008578;1779311192000;"1.5.3";"US";"iOS";"Version 26.2 (Build 23C55)";"5.55.1";"en-US,en;q=0.9";;;;;;;;;;;;;;;"f";;"Pocket Pricer Pro";"100";false;1777824393000;1777824393000;1778083593000;1778083593000;;1780761993000;;;0;8.990000000000000;"app_store";"US";"t";"100";;"active";"f";;"no_offer";"default";"PURCHASED";"hw_CF81A1AC-9D45-4040-9FC8-A5D649E5A1F2";"USD"
"e1533c84";"Pocket Pricer";"appc77c03e0ac";"Pocket Pricer (App Store) (App Store)";1777288347505;1777288373000;"1.4.0";"US";"iOS";"Version 26.3.1 (a) (Build 23D771330a)";"5.55.1";"en-US,en;q=0.9";;;;;;;;;;;;;;;"f";;"Pocket Pricer Pro";"100";false;1777288473000;1777288473000;1777547673000;1777547673000;;1780139673000;;;0;8.990000000000000;"app_store";"US";"t";"100";;"active";"f";;"no_offer";"default";"PURCHASED";"$RCAnonymousID:a3dcd2b247804aceafe2bb27750b70b1";"USD"
"e1533c84";"Pocket Pricer";"appc77c03e0ac";"Pocket Pricer (App Store) (App Store)";1777268833624;1778689073000;"1.5.3";"US";"iOS";"Version 26.4.2 (Build 23E261)";"5.55.1";"en-US,en;q=0.9";;;;;;;;;;;;;;;"f";;"Pocket Pricer Pro";"100";false;1777268913000;1777268913000;1777528113000;1777528113000;;1780120113000;;;0;8.990000000000000;"app_store";"US";"t";"100";;"active";"f";;"no_offer";"default";"PURCHASED";"hw_81313FC9-E939-4033-B8E0-1271A1299071";"USD"
"e1533c84";"Pocket Pricer";"appc77c03e0ac";"Pocket Pricer (App Store) (App Store)";1775917037043;1779152458000;"1.5.3";"US";"iOS";"Version 26.3.1 (a) (Build 23D771330a)";"5.55.1";"en-US,en;q=0.9";;;;;;;;;;;;;;;"f";;"Pocket Pricer Pro";"101";false;1775917084000;1775917084000;1776176284000;1778949947000;1778949947000;1779554747000;;;4;14.950000000000000;"app_store";"US";"t";"101,100";;"active";"f";;"no_offer";"default";"PURCHASED";"hw_D597221F-9553-4BEA-9C50-6C035B78364A";"USD"
"e1533c84";"Pocket Pricer";"appc77c03e0ac";"Pocket Pricer (App Store) (App Store)";1775209153890;1775446222000;"1.4.0";"US";"iOS";"Version 26.3.1 (a) (Build 23D771330a)";"5.55.1";"en-US,en;q=0.9";;;;;;;;;;;;;;;"f";;"Pocket Pricer Pro";"100";false;1775209253000;1775209253000;1775468453000;1778060453000;1778060453000;1780738853000;;;1;17.980000000000000;"app_store";"US";"t";"100";;"active";"f";;"no_offer";"default";"PURCHASED";"$RCAnonymousID:4ee342105753430b8a4f545c1678eeec";"USD"
"e1533c84";"Pocket Pricer";"appc77c03e0ac";"Pocket Pricer (App Store) (App Store)";1778427758441;1778942730000;"1.5.3";"US";"iOS";"Version 26.4.2 (Build 23E261)";"5.55.1";"en-US,en;q=0.9";;;;;;;;;;;;;;;"f";;"Pocket Pricer Pro";"100";false;1778437593000;1778437593000;1778696793000;1779008839000;;1781687239000;1779127083987;;0;8.990000000000000;"app_store";"US";"f";"100";;"cancelled";"f";;"no_offer";"default";"PURCHASED";"hw_E827D165-B294-4E44-8773-A949D17051D0";"USD"
"e1533c84";"Pocket Pricer";"appc77c03e0ac";"Pocket Pricer (App Store) (App Store)";1777389787217;1777509132000;"1.4.0";"US";"iOS";"Version 26.4.2 (Build 23E261)";"5.55.1";"en-US,en;q=0.9";;;;;;;;;;;;;;;"f";;"Pocket Pricer Pro";"101";false;1777389921000;1777389921000;1777649121000;1778858721000;1778858721000;1779463521000;;;2;8.970000000000000;"app_store";"US";"t";"101";;"active";"f";;"no_offer";"default";"PURCHASED";"$RCAnonymousID:be52fbff8e7540a9a66f7b514296138d";"USD"
"e1533c84";"Pocket Pricer";"appc77c03e0ac";"Pocket Pricer (App Store) (App Store)";1777855995156;1778262939000;"1.5.3";"US";"iOS";"Version 26.3.1 (Build 23D8133)";"5.55.1";"en-US,en;q=0.9";;;;;;;;;;;;;;;"f";;"Pocket Pricer Pro";"100";false;1777856132000;1777856132000;1778115332000;1778115332000;;1780793732000;;;0;8.990000000000000;"app_store";"US";"t";"100";;"active";"f";;"no_offer";"default";"PURCHASED";"hw_5EBADDED-2F3B-4A1E-B64F-631282E79D17";"USD"
"e1533c84";"Pocket Pricer";"appc77c03e0ac";"Pocket Pricer (App Store) (App Store)";1777338303542;1778958710000;"1.4.0";"US";"iOS";"Version 26.2 (Build 23C55)";"5.55.1";"en-US,en;q=0.9";;;;;;;;;;;;;;;"f";;"Pocket Pricer Pro";"100";false;1777338408000;1777338408000;1777597608000;1777597608000;;1780189608000;;;0;8.990000000000000;"app_store";"US";"t";"100";;"active";"f";;"no_offer";"default";"PURCHASED";"$RCAnonymousID:b266249b2b214c939b6b6b5b0c1ee82b";"USD"
"e1533c84";"Pocket Pricer";"appc77c03e0ac";"Pocket Pricer (App Store) (App Store)";1775567641992;1775775315000;"1.4.0";"US";"iOS";"Version 26.3.1 (a) (Build 23D771330a)";"5.55.1";"en-US,en;q=0.9";;;;;;;;;;;;;;;"f";;"Pocket Pricer Pro";"100";false;1775571654000;1775571654000;1775830854000;1778422854000;1778422854000;1781101254000;;;1;17.980000000000000;"app_store";"US";"t";"100";;"active";"f";;"no_offer";"default";"PURCHASED";"$RCAnonymousID:9a9f29092cbb49dc8fbcba7ce51b6c19";"USD"
"e1533c84";"Pocket Pricer";"appc77c03e0ac";"Pocket Pricer (App Store) (App Store)";1774994700455;1777055636000;"1.4.0";"US";"iOS";"Version 26.3.1 (a) (Build 23D771330a)";"5.55.1";"en-US,en;q=0.9";;;;;;;;;;;;;;;"f";;"Pocket Pricer Pro";"103";false;1774995126000;1774995126000;1775254326000;1775254326000;;1806790326000;;;0;59.990000000000002;"app_store";"US";"t";"103";;"active";"f";;"no_offer";"default";"PURCHASED";"$RCAnonymousID:f8326adbc5624fbda2e64faad2db831e";"USD"
"e1533c84";"Pocket Pricer";"appc77c03e0ac";"Pocket Pricer (App Store) (App Store)";1775132941367;1779318028000;"1.5.3";"CA";"iOS";"Version 26.4.2 (Build 23E261)";"5.55.1";"en-CA,en-US;q=0.9,en;q=0.8";;;;;;;;;;;;;;;"f";;"Pocket Pricer Pro";"100";false;1775132989000;1775132989000;1775392189000;1777984189000;1777984189000;1780662589000;;;1;17.396761653281162;"app_store";"CA";"t";"100";;"active";"f";;"no_offer";"default";"PURCHASED";"hw_4343CA23-BFA4-463B-9126-5732A8C8395B";"USD"
"e1533c84";"Pocket Pricer";"appc77c03e0ac";"Pocket Pricer (App Store) (App Store)";1777563428814;1779046866000;"1.5.3";"US";"iOS";"Version 26.4.2 (Build 23E261)";"5.55.1";"en-US,en;q=0.9";;;;;;;;;;;;;;;"f";;"Pocket Pricer Pro";"100";false;1777563521000;1777563521000;1777822721000;1777822721000;;1780501121000;;;0;8.990000000000000;"app_store";"US";"t";"100";;"active";"f";;"no_offer";"default";"PURCHASED";"hw_9C3CD8FE-1CC1-42EF-BCC7-1E034E1DD921";"USD"
"e1533c84";"Pocket Pricer";"appc77c03e0ac";"Pocket Pricer (App Store) (App Store)";1775934303059;1779329100000;"1.4.0";"US";"iOS";"Version 26.2.1 (Build 23C71)";"5.55.1";"en-US,en;q=0.9";;;;;;;;;;;;;;;"f";;"Pocket Pricer Pro";"100";false;1775934356000;1775934356000;1776193556000;1778785556000;1778785556000;1781463956000;;;1;17.980000000000000;"app_store";"US";"t";"100";;"active";"f";;"no_offer";"default";"PURCHASED";"$RCAnonymousID:2584ca4b5b094f14a0b8ce23ab4e7066";"USD"
